w1-x1	W1 · Generic Stack<T>	peek_mut	fns=['peek', 'peek_mut']	       Extends W1. Add peek_mut(&mut self) -> Option<&mut T> that returns a mutable reference to the top without popping.        Why this hardens you: Forces &mut vs & discipline o
w1-x2	W1 · Generic Stack<T>	Borrowing iterators	fns=['iter', 'iter_mut']	       Extends W1. Implement iter(&self) and iter_mut(&mut self) yielding references in top-to-bottom or bottom-to-top order (pick one and document it).        Why this hardens you
w1-x3	W1 · Generic Stack<T>	IntoIterator for references	fns=['into_iter']	       Extends W1. Impl IntoIterator for &Stack<T> and &mut Stack<T> so for x in &stack works.        Why this hardens you: How real collection APIs show up in for-loops.     
w1-x4	W1 · Generic Stack<T>	drain	fns=['drain', 'next']	       Extends W1. Add drain(&mut self) -> impl Iterator<Item = T> that empties the stack, yielding owned values. Partial drain + Drop of the iterator must not leak/double-pop wron
w1-x5	W1 · Generic Stack<T>	FromIterator + Extend	fns=['from_iter', 'extend']	       Extends W1. Impl FromIterator<T> and Extend<T> for Stack<T>.        Why this hardens you: Build/extend stacks the way std APIs expect.     
w2-x1	W2 · Thread-Safe Counter	CAS: increment if < max	fns=['try_inc_if_lt']	       Extends W2. Using only compare_exchange (no fetch_add), implement try_inc_if_lt(max) -> bool that increments iff current < max.        Why this hardens you: Real atomic patt
w2-x2	W2 · Thread-Safe Counter	Ordering with a flag	fns=['producer', 'consumer']	       Extends W2. Thread A stores data then sets ready = true. Thread B waits until ready then reads data. Wire orderings so B cannot see ready without seeing data. Explain why Re
w2-x3	W2 · Thread-Safe Counter	Mutex multi-field update	fns=['inc']	       Extends W2. Maintain { count: u64, last_thread: usize } updated together on each increment. Do it under one mutex (not two atomics).        Why this hardens you: When atomic
w2-x4	W2 · Thread-Safe Counter	Join-inside-spawn bugfix	fns=['broken', 'fixed']	       Extends W2. Here is a broken pattern: joining inside the spawn loop serializes threads. Rewrite so all 10 threads run concurrently, then join.        Why this hardens you: C
w2-x5	W2 · Thread-Safe Counter	CAS fetch_max	fns=['fetch_max']	       Extends W2. Implement fetch_max(a: &AtomicU64, x: u64) -> u64 (previous value) using a CAS loop.        Why this hardens you: Composes compare_exchange into a useful primiti
w3-x1	W3 · Mini Rc<T> From Scratch	get_mut if unique	fns=['get_mut']	       Extends W3. Add get_mut(&mut self) -> Option<&mut T> that returns Some only when strong_count == 1.        Why this hardens you: Uniqueness is the core Rc insight.     
w3-x2	W3 · Mini Rc<T> From Scratch	try_unwrap	fns=['try_unwrap']	       Extends W3. Add try_unwrap(self) -> Result<T, MiniRc<T>> — recover T iff last handle, else return the Rc.        Why this hardens you: Ownership transfer out of shared alloc
w3-x3	W3 · Mini Rc<T> From Scratch	into_raw / from_raw	fns=['into_raw', 'from_raw']	       Extends W3. Implement into_raw(self) -> *const T and unsafe from_raw(*const T) -> Self without breaking the count invariant (must not drop on into_raw).        Why this hard
w3-x4	W3 · Mini Rc<T> From Scratch	ptr_eq	fns=['ptr_eq']	       Extends W3. Add ptr_eq(a: &Self, b: &Self) -> bool for allocation identity (not value Eq).        Why this hardens you: How shared ownership is observed.     
w3-x5	W3 · Mini Rc<T> From Scratch	Broken Drop bugfix	fns=['drop']	       Extends W3. Fix a MiniRc Drop that checks zero before decrementing (or decrements after free). Write the correct decrement-then-free order with a SAFETY comment.        Why 
w4-x1	W4 · Bounded Blocking Queue	try_push / try_pop	fns=['try_push', 'try_pop']	       Extends W4. Add non-blocking try_push/try_pop that return Err(item) / None instead of waiting.        Why this hardens you: Same state machine without waiting.     
w4-x2	W4 · Bounded Blocking Queue	close() unblocks waiters	fns=['close', 'push', 'pop']	       Extends W4. Add close(&self) so blocked push/pop wake up and fail cleanly (change signatures to Result if needed). Wait loops must check closed.        Why this hardens you:
w4-x3	W4 · Bounded Blocking Queue	wait_timeout push/pop	fns=['push_timeout', 'pop_timeout']	       Extends W4. Implement push_timeout/pop_timeout using wait_timeout. Return timeout errors without corrupting the queue.        Why this hardens you: Same Condvar pattern, har
w4-x4	W4 · Bounded Blocking Queue	Spurious wakeup: if→while	fns=['push_correct']	       Extends W4. Rewrite a buggy wait that uses if instead of while. Show the correct loop and say what goes wrong with if.        Why this hardens you: The W4 senior signal.    
w4-x5	W4 · Bounded Blocking Queue	One condvar vs two	fns=['push', 'pop']	       Extends W4. Re-implement the queue with a single Condvar and notify_all. Note the trade-off vs separate not_full/not_empty.        Why this hardens you: Forces you to unders
w5-x1	W5 · Thread Pool From Scratch	Oneshot result from execute	fns=['execute']	       Extends W5. Change execute so callers get a result: e.g. return mpsc::Receiver<T> (oneshot) for FnOnce() -> T.        Why this hardens you: Natural extension of fire-and-for
w5-x2	W5 · Thread Pool From Scratch	catch_unwind in workers	fns=['run_job']	       Extends W5. Wrap job execution in catch_unwind so one panicking job does not tear down the worker thread.        Why this hardens you: Production pool reality.     
w5-x3	W5 · Thread Pool From Scratch	try_execute after shutdown	fns=['try_execute']	       Extends W5. During/after shutdown (sender taken), try_execute must fail instead of panicking on send.        Why this hardens you: Shutdown races around Option<Sender>.     
w5-x4	W5 · Thread Pool From Scratch	Lock-scope bug fix	fns=['worker_loop']	       Extends W5. Fix a worker that holds the receiver mutex while running job(). Drop the guard before the call.        Why this hardens you: The W5 footgun.     
w5-x5	W5 · Thread Pool From Scratch	Bounded job queue	fns=['new', 'execute']	       Extends W5. Rebuild the pool with sync_channel(bound) so execute applies backpressure when jobs are piled up.        Why this hardens you: Composes queue/backpressure into t
w6-x1	W6 · Plugin Logger — Trait Objects	Levels + filter	fns=['log', 'log']	       Extends W6. Add Level and filter so the facade only forwards messages at/above a threshold to the dyn Logger sink.        Why this hardens you: Policy vs sink separation wit
w6-x2	W6 · Plugin Logger — Trait Objects	Broadcast / tee sink	fns=['log']	       Extends W6. Implement a Tee logger that owns Vec<Box<dyn Logger>> and forwards each message to all.        Why this hardens you: Object-safety + multi-ownership of sinks.   
w6-x3	W6 · Plugin Logger — Trait Objects	flush on the trait	fns=['log', 'flush']	       Extends W6. Add object-safe flush(&self) to Logger with a default empty body; override for file sinks.        Why this hardens you: Object-safe API design.     
w6-x4	W6 · Plugin Logger — Trait Objects	Replace sink at runtime	fns=['set', 'log']	       Extends W6. Allow swapping the inner Box<dyn Logger> after construction (e.g. behind Mutex).        Why this hardens you: Runtime dyn dispatch wiring.     
w6-x5	W6 · Plugin Logger — Trait Objects	Prefixing adapter	fns=['log']	       Extends W6. Write PrefixLogger<L: Logger> (or dyn) that prepends a prefix string to every message and delegates.        Why this hardens you: Decorator pattern with trait ob
w7-x1	W7 · Lock-Free Stack (Treiber Stack)	Drop drains the list	fns=['drop']	       Extends W7. Impl Drop so all remaining nodes are freed (pop-loop or walk). No leaks under miri mental model.        Why this hardens you: Ownership of nodes after the struct
w7-x2	W7 · Lock-Free Stack (Treiber Stack)	ABA literacy note-as-code	fns=[]	       Extends W7. In comments + a tiny sketch: show where ABA could bite this toy stack and one mitigation idea (tagged top pointer). You need not fully implement hazard pointers.
w7-x3	W7 · Lock-Free Stack (Treiber Stack)	Drain into Vec	fns=['drain']	       Extends W7. Add drain(&self) -> Vec<T> that pops until empty (document concurrency assumptions).        Why this hardens you: Uses pop correctly under a clear quiesce story.
w7-x4	W7 · Lock-Free Stack (Treiber Stack)	is_empty with ordering	fns=['is_empty']	       Extends W7. Implement is_empty via atomic load of top. Justify Relaxed vs Acquire.        Why this hardens you: Reading lock-free structure with correct ordering.     
w7-x5	W7 · Lock-Free Stack (Treiber Stack)	Ordering audit	fns=['audit']	       Extends W7. Annotate every atomic load/store/CAS in push/pop with the Ordering chosen and a one-line reason.        Why this hardens you: The real Treiber learning outcome. 
w8-x1	W8 · LRU Cache	peek without promote	fns=['peek']	       Extends W8. Add peek(&self, key) -> Option<&V> that does not update recency.        Why this hardens you: Classic LRU interview follow-up: policy vs lookup.     
w8-x2	W8 · LRU Cache	get_mut + promote	fns=['get_mut']	       Extends W8. Add get_mut(&mut self, key) -> Option<&mut V> that promotes like get.        Why this hardens you: Mutable access still participates in eviction policy.     
w8-x3	W8 · LRU Cache	resize capacity	fns=['resize']	       Extends W8. Add resize(&mut self, new_cap: usize) that evicts until len <= new_cap.        Why this hardens you: Eviction loop correctness under policy change.     
w8-x4	W8 · LRU Cache	Iterate oldest → newest	fns=['iter_oldest']	       Extends W8. Provide an iterator over keys (or key-value) from oldest to newest that matches your list invariant.        Why this hardens you: Proves the map+list invariant. 
w8-x5	W8 · LRU Cache	O(1) honesty / fix	fns=['complexity_notes']	       Extends W8. If your W8 used O(n) order tracking, either upgrade the structure toward O(1) get/put or document the gap and fix get promote to be clearly O(1) with a linked ap
w9-x1	W9 · Custom Iterator — Sliding Window	Strided windows	fns=['next']	       Extends W9. Extend windows with a step: yield &[T] of length size, advancing pos by step each time (not always 1).        Why this hardens you: Generalizes the W9 pos+=1 sta
w9-x2	W9 · Custom Iterator — Sliding Window	Zero-alloc trim_slice	fns=['trim_slice']	       Extends W9. Write trim_slice(s: &[u8]) -> &[u8] that strips leading/trailing ASCII whitespace by returning a sub-slice — no allocation, no copy.        Why this hardens you:
w9-x3	W9 · Custom Iterator — Sliding Window	Group-by iterator	fns=['next']	       Extends W9. Implement a lazy group-by: given &[T] where T: Eq, yield consecutive runs as &[T] slices (like itertools group_by over a slice).        Why this hardens you: Sam
w9-x4	W9 · Custom Iterator — Sliding Window	In-place slice rotation	fns=['rotate_left']	       Extends W9. Implement rotate_left(s: &mut [T], mid: usize) in-place with O(1) extra memory (reverse-triple or equivalent). No second buffer of size n.        Why this harden
w9-x5	W9 · Custom Iterator — Sliding Window	Non-overlapping chunks	fns=['next']	       Extends W9. Implement chunks(slice, size) yielding non-overlapping windows (last chunk may be shorter, or skip remainder — pick one and document).        Why this hardens yo
w10-x1	W10 · Custom Error Type & the ? Operator	Error::source chain	fns=['source']	       Extends W10. Wrap an io::Error variant and implement std::error::Error::source so ?/printing can chain to the cause.        Why this hardens you: Real debugging contract for
w10-x2	W10 · Custom Error Type & the ? Operator	Multiple From impls	fns=['from', 'from', 'parse_file']	       Extends W10. Add From<io::Error> and From<std::num::ParseIntError> (or similar) so ? works from both without map_err.        Why this hardens you: ? ergonomics across error 
w10-x3	W10 · Custom Error Type & the ? Operator	context helper	fns=['context', 'with_context']	       Extends W10. Add fn context(self, msg: impl Into<String>) -> AppError (or Result ext) that attaches operation context without losing the source error.        Why this harden
w10-x4	W10 · Custom Error Type & the ? Operator	Display vs Debug	fns=['fmt']	       Extends W10. Implement clear Display for users and rely on Debug for internals. A Display message must not be a raw Debug dump.        Why this hardens you: User-facing vs p
w10-x5	W10 · Custom Error Type & the ? Operator	map_err boundary	fns=['public_api']	       Extends W10. At a module boundary, convert a foreign Result<T, E> into Result<T, AppError> using From/map_err once — then use ? internally with no further map_err.        Wh
w11-x1	W11 · Builder Pattern — HTTP Request Bui	What would break if header() took &mut self and returned &mut Self in…	fns=['harden_w11_1']	       Extends W11. Interview follow-up turned into a coding drill for W11: What would break if header() took &mut self and returned &mut Self instead of consuming self? Extend or 
w11-x2	W11 · Builder Pattern — HTTP Request Bui	How would you enforce, at compile time, that .header() must be called…	fns=['harden_w11_2']	       Extends W11. Interview follow-up turned into a coding drill for W11: How would you enforce, at compile time, that .header() must be called at least once before .build() is c
w11-x3	W11 · Builder Pattern — HTTP Request Bui	Would you reach for the derive_builder crate in a real project instea…	fns=['harden_w11_3']	       Extends W11. Interview follow-up turned into a coding drill for W11: Would you reach for the derive_builder crate in a real project instead of hand-writing this? Extend or r
w11-x4	W11 · Builder Pattern — HTTP Request Bui	Takes and returns self by value (consuming)	fns=['harden_w11_4']	       Extends W11. Harden the core implementation so that it unprompted satisfies: Takes and returns self by value (consuming). Add/adjust code until this is true — do not just cl
w11-x5	W11 · Builder Pattern — HTTP Request Bui	Uses a plain u64 with a default, not Option<u64>,	fns=['harden_w11_5']	       Extends W11. Harden the core implementation so that it unprompted satisfies: Uses a plain u64 with a default, not Option<u64>,. Add/adjust code until this is true — do not j
w12-x1	W12 · Hand-Rolled Future — a Minimal Del	What would happen if poll() were called and returned Pending, but the…	fns=['harden_w12_1']	       Extends W12. Interview follow-up turned into a coding drill for W12: What would happen if poll() were called and returned Pending, but the future's task was then dropped bef
w12-x2	W12 · Hand-Rolled Future — a Minimal Del	Why does this need a background OS thread at all — why can't poll() j…	fns=['harden_w12_2']	       Extends W12. Interview follow-up turned into a coding drill for W12: Why does this need a background OS thread at all — why can't poll() just check std::time::Instant::now()
w12-x3	W12 · Hand-Rolled Future — a Minimal Del	In real code, would you ever hand-roll this instead of using tokio::t…	fns=['harden_w12_3']	       Extends W12. Interview follow-up turned into a coding drill for W12: In real code, would you ever hand-roll this instead of using tokio::time::sleep? Extend or revise your W
w12-x4	W12 · Hand-Rolled Future — a Minimal Del	Calls waker	fns=['harden_w12_4']	       Extends W12. Harden the core implementation so that it unprompted satisfies: Calls waker.wake() from the spawned thread after setting completed = true,. Add/adjust code unti
w12-x5	W12 · Hand-Rolled Future — a Minimal Del	Re-clones and stores the waker on every Pending poll,	fns=['harden_w12_5']	       Extends W12. Harden the core implementation so that it unprompted satisfies: Re-clones and stores the waker on every Pending poll,. Add/adjust code until this is true — do n
w13-x1	W13 · Retry With Exponential Backoff	Why does F need to be FnMut and not Fn — why can't the closure be cal…	fns=['harden_w13_1']	       Extends W13. Interview follow-up turned into a coding drill for W13: Why does F need to be FnMut and not Fn — why can't the closure be called only once and its future reused
w13-x2	W13 · Retry With Exponential Backoff	What's missing here for real production use — specifically around ret…	fns=['harden_w13_2']	       Extends W13. Interview follow-up turned into a coding drill for W13: What's missing here for real production use — specifically around retrying non-idempotent operations? Ex
w13-x3	W13 · Retry With Exponential Backoff	How would you add jitter to this, and why does jitter matter?	fns=['harden_w13_3']	       Extends W13. Interview follow-up turned into a coding drill for W13: How would you add jitter to this, and why does jitter matter? Extend or revise your W13 solution to answ
w13-x4	W13 · Retry With Exponential Backoff	Uses FnMut() -> Fut where Fut: Future<Output = Result<T, …	fns=['harden_w13_4']	       Extends W13. Harden the core implementation so that it unprompted satisfies: Uses FnMut() -> Fut where Fut: Future<Output = Result<T, E>>,. Add/adjust code until this is tru
w13-x5	W13 · Retry With Exponential Backoff	Awaits the sleep between attempts,	fns=['harden_w13_5']	       Extends W13. Harden the core implementation so that it unprompted satisfies: Awaits the sleep between attempts,. Add/adjust code until this is true — do not just claim it in
w14-x1	W14 · Token Bucket Rate Limiter	How would you extend this to work across multiple server instances be…	fns=['harden_w14_1']	       Extends W14. Interview follow-up turned into a coding drill for W14: How would you extend this to work across multiple server instances behind a load balancer, not just with
w14-x2	W14 · Token Bucket Rate Limiter	What's the actual behavioral difference between this token-bucket app…	fns=['harden_w14_2']	       Extends W14. Interview follow-up turned into a coding drill for W14: What's the actual behavioral difference between this token-bucket approach and a fixed-window counter (e
w14-x3	W14 · Token Bucket Rate Limiter	Is a Mutex the right choice here, or would you reach for atomics inst…	fns=['harden_w14_3']	       Extends W14. Interview follow-up turned into a coding drill for W14: Is a Mutex the right choice here, or would you reach for atomics instead? Extend or revise your W14 solu
w14-x4	W14 · Token Bucket Rate Limiter	Refills lazily based on elapsed Instant delta on every call,	fns=['harden_w14_4']	       Extends W14. Harden the core implementation so that it unprompted satisfies: Refills lazily based on elapsed Instant delta on every call,. Add/adjust code until this is true
w14-x5	W14 · Token Bucket Rate Limiter	Clamps refilled tokens to capacity with	fns=['harden_w14_5']	       Extends W14. Harden the core implementation so that it unprompted satisfies: Clamps refilled tokens to capacity with .min(). Add/adjust code until this is true — do not just
w15-x1	W15 · Recursive-Descent JSON Parser	What happens with deeply nested input, like 10,000 levels of nested a…	fns=['harden_w15_1']	       Extends W15. Interview follow-up turned into a coding drill for W15: What happens with deeply nested input, like 10,000 levels of nested arrays — is there a risk here? Exten
w15-x2	W15 · Recursive-Descent JSON Parser	Why iterate over chars() rather than bytes(), given JSON files are of…	fns=['harden_w15_2']	       Extends W15. Interview follow-up turned into a coding drill for W15: Why iterate over chars() rather than bytes(), given JSON files are often read as raw bytes from a file o
w15-x3	W15 · Recursive-Descent JSON Parser	In real production code, would you ship this, or reach for serde_json?	fns=['harden_w15_3']	       Extends W15. Interview follow-up turned into a coding drill for W15: In real production code, would you ship this, or reach for serde_json? Extend or revise your W15 solutio
w15-x4	W15 · Recursive-Descent JSON Parser	Uses Peekable<Chars> and structures the whole parser arou…	fns=['harden_w15_4']	       Extends W15. Harden the core implementation so that it unprompted satisfies: Uses Peekable<Chars> and structures the whole parser around peek()-then-next(). Add/adjust code 
w15-x5	W15 · Recursive-Descent JSON Parser	Handles the empty-object/empty-array case ({}, []) as a s…	fns=['harden_w15_5']	       Extends W15. Harden the core implementation so that it unprompted satisfies: Handles the empty-object/empty-array case ({}, []) as a special early check. Add/adjust code unt
w16-x1	W16 · Graph BFS — Shortest Path	Why does BFS guarantee the shortest path here, but wouldn't if edges …	fns=['harden_w16_1']	       Extends W16. Interview follow-up turned into a coding drill for W16: Why does BFS guarantee the shortest path here, but wouldn't if edges had different weights? Extend or re
w16-x2	W16 · Graph BFS — Shortest Path	What's the time and space complexity here, in terms of V (nodes) and …	fns=['harden_w16_2']	       Extends W16. Interview follow-up turned into a coding drill for W16: What's the time and space complexity here, in terms of V (nodes) and E (edges)? Extend or revise your W1
w16-x3	W16 · Graph BFS — Shortest Path	If T were an expensive-to-clone type like a large struct or String, w…	fns=['harden_w16_3']	       Extends W16. Interview follow-up turned into a coding drill for W16: If T were an expensive-to-clone type like a large struct or String, would you change anything about this
w16-x4	W16 · Graph BFS — Shortest Path	Marks nodes visited at the moment they're enqueued,	fns=['harden_w16_4']	       Extends W16. Harden the core implementation so that it unprompted satisfies: Marks nodes visited at the moment they're enqueued,. Add/adjust code until this is true — do not
w16-x5	W16 · Graph BFS — Shortest Path	Uses a came_from map to reconstruct the path,	fns=['harden_w16_5']	       Extends W16. Harden the core implementation so that it unprompted satisfies: Uses a came_from map to reconstruct the path,. Add/adjust code until this is true — do not just 
w17-x1	W17 · Bump Allocator (Arena) — Unsafe	What's unsound about the returned lifetime here — could you get two o…	fns=['harden_w17_1']	       Extends W17. Interview follow-up turned into a coding drill for W17: What's unsound about the returned lifetime here — could you get two overlapping &mut T references out of
w17-x2	W17 · Bump Allocator (Arena) — Unsafe	panic! on out-of-memory is one option — what are the alternatives, an…	fns=['harden_w17_2']	       Extends W17. Interview follow-up turned into a coding drill for W17: panic! on out-of-memory is one option — what are the alternatives, and their trade-offs? Extend or revis
w17-x3	W17 · Bump Allocator (Arena) — Unsafe	Does this arena ever call any T's Drop impl? Is that a problem?	fns=['harden_w17_3']	       Extends W17. Interview follow-up turned into a coding drill for W17: Does this arena ever call any T's Drop impl? Is that a problem? Extend or revise your W17 solution to an
w17-x4	W17 · Bump Allocator (Arena) — Unsafe	Rounds the offset up to satisfy T's alignment,	fns=['harden_w17_4']	       Extends W17. Harden the core implementation so that it unprompted satisfies: Rounds the offset up to satisfy T's alignment,. Add/adjust code until this is true — do not just
w17-x5	W17 · Bump Allocator (Arena) — Unsafe	Uses Cell<usize> for the offset,	fns=['harden_w17_5']	       Extends W17. Harden the core implementation so that it unprompted satisfies: Uses Cell<usize> for the offset,. Add/adjust code until this is true — do not just claim it in c
w18-x1	W18 · Actor Pattern — Message-Passing Co	What's the actual advantage of this over just wrapping the counter in…	fns=['harden_w18_1']	       Extends W18. Interview follow-up turned into a coding drill for W18: What's the actual advantage of this over just wrapping the counter in Arc> directly, for this specific e
w18-x2	W18 · Actor Pattern — Message-Passing Co	What happens to in-flight increment() calls if the actor task panics?	fns=['harden_w18_2']	       Extends W18. Interview follow-up turned into a coding drill for W18: What happens to in-flight increment() calls if the actor task panics? Extend or revise your W18 solution
w18-x3	W18 · Actor Pattern — Message-Passing Co	How would you add a graceful shutdown that waits for all pending comm…	fns=['harden_w18_3']	       Extends W18. Interview follow-up turned into a coding drill for W18: How would you add a graceful shutdown that waits for all pending commands to be processed before the act
w18-x4	W18 · Actor Pattern — Message-Passing Co	Uses a plain, un-synchronized u64 local variable inside t…	fns=['harden_w18_4']	       Extends W18. Harden the core implementation so that it unprompted satisfies: Uses a plain, un-synchronized u64 local variable inside the spawned task. Add/adjust code until 
w18-x5	W18 · Actor Pattern — Message-Passing Co	Uses a oneshot channel for the Get reply path,	fns=['harden_w18_5']	       Extends W18. Harden the core implementation so that it unprompted satisfies: Uses a oneshot channel for the Get reply path,. Add/adjust code until this is true — do not just
w19-x1	W19 · Custom Semaphore From Scratch	What would go wrong if SemaphoreGuard didn't borrow the Semaphore and…	fns=['harden_w19_1']	       Extends W19. Interview follow-up turned into a coding drill for W19: What would go wrong if SemaphoreGuard didn't borrow the Semaphore and instead held an owned Arc? Extend 
w19-x2	W19 · Custom Semaphore From Scratch	How would you adapt this into an async semaphore usable inside Tokio …	fns=['harden_w19_2']	       Extends W19. Interview follow-up turned into a coding drill for W19: How would you adapt this into an async semaphore usable inside Tokio tasks, rather than this blocking, t
w19-x3	W19 · Custom Semaphore From Scratch	When would you reach for this pattern versus just using a Mutex direc…	fns=['harden_w19_3']	       Extends W19. Interview follow-up turned into a coding drill for W19: When would you reach for this pattern versus just using a Mutex directly? Extend or revise your W19 solu
w19-x4	W19 · Custom Semaphore From Scratch	Introduces a guard type with a Drop impl	fns=['harden_w19_4']	       Extends W19. Harden the core implementation so that it unprompted satisfies: Introduces a guard type with a Drop impl. Add/adjust code until this is true — do not just claim
w19-x5	W19 · Custom Semaphore From Scratch	Gives the guard a lifetime tied to the semaphore (&'a Sem…	fns=['harden_w19_5']	       Extends W19. Harden the core implementation so that it unprompted satisfies: Gives the guard a lifetime tied to the semaphore (&'a Semaphore). Add/adjust code until this is 
w20-x1	W20 · Union-Find / Disjoint Set	What's the actual amortized time complexity of find() with both optim…	fns=['harden_w20_1']	       Extends W20. Interview follow-up turned into a coding drill for W20: What's the actual amortized time complexity of find() with both optimizations, and why does it matter th
w20-x2	W20 · Union-Find / Disjoint Set	This find() is recursive — is that a concern, and how would you rewri…	fns=['harden_w20_2']	       Extends W20. Interview follow-up turned into a coding drill for W20: This find() is recursive — is that a concern, and how would you rewrite it iteratively? Extend or revise
w20-x3	W20 · Union-Find / Disjoint Set	What's a real system where you'd reach for union-find specifically?	fns=['harden_w20_3']	       Extends W20. Interview follow-up turned into a coding drill for W20: What's a real system where you'd reach for union-find specifically? Extend or revise your W20 solution t
w20-x4	W20 · Union-Find / Disjoint Set	Implements path compression by writing self	fns=['harden_w20_4']	       Extends W20. Harden the core implementation so that it unprompted satisfies: Implements path compression by writing self.parent[x] = self.find(self.parent[x]),. Add/adjust c
w20-x5	W20 · Union-Find / Disjoint Set	Attaches the shorter-rank tree under the taller one in un…	fns=['harden_w20_5']	       Extends W20. Harden the core implementation so that it unprompted satisfies: Attaches the shorter-rank tree under the taller one in union,. Add/adjust code until this is tru
w21-x1	W21 · Closures as Parameters — Generic v	Could apply_n_times_generic and apply_n_times_dyn share one implement…	fns=['harden_w21_1']	       Extends W21. Interview follow-up turned into a coding drill for W21: Could apply_n_times_generic and apply_n_times_dyn share one implementation instead of duplicating the lo
w21-x2	W21 · Closures as Parameters — Generic v	What would you need to change to run one of these closures on a separ…	fns=['harden_w21_2']	       Extends W21. Interview follow-up turned into a coding drill for W21: What would you need to change to run one of these closures on a separate thread? Extend or revise your W
w21-x3	W21 · Closures as Parameters — Generic v	Why does main's `counting` closure need `let mut total_calls` outside…	fns=['harden_w21_3']	       Extends W21. Interview follow-up turned into a coding drill for W21: Why does main's `counting` closure need `let mut total_calls` outside it, rather than incrementing some 
w21-x4	W21 · Closures as Parameters — Generic v	Writes mut f: F in the generic version's parameter list	fns=['harden_w21_4']	       Extends W21. Harden the core implementation so that it unprompted satisfies: Writes mut f: F in the generic version's parameter list. Add/adjust code until this is true — do
w21-x5	W21 · Closures as Parameters — Generic v	Reaches for Box<dyn FnMut> specifically to make Vec stora…	fns=['harden_w21_5']	       Extends W21. Harden the core implementation so that it unprompted satisfies: Reaches for Box<dyn FnMut> specifically to make Vec storage possible. Add/adjust code until this
w22-x1	W22 · File I/O — Word Frequency Counter	This scales fine for a huge file in terms of memory — why?	fns=['harden_w22_1']	       Extends W22. Interview follow-up turned into a coding drill for W22: This scales fine for a huge file in terms of memory — why? Extend or revise your W22 solution to answer 
w22-x2	W22 · File I/O — Word Frequency Counter	What happens if the file contains invalid UTF-8?	fns=['harden_w22_2']	       Extends W22. Interview follow-up turned into a coding drill for W22: What happens if the file contains invalid UTF-8? Extend or revise your W22 solution to answer this with 
w22-x3	W22 · File I/O — Word Frequency Counter	Why sort_by with a tie-breaker instead of just sort_by_key(|p| p.1)?	fns=['harden_w22_3']	       Extends W22. Interview follow-up turned into a coding drill for W22: Why sort_by with a tie-breaker instead of just sort_by_key(|p| p.1)? Extend or revise your W22 solution 
w22-x4	W22 · File I/O — Word Frequency Counter	Wraps both the input File and output File in BufReader/Bu…	fns=['harden_w22_4']	       Extends W22. Harden the core implementation so that it unprompted satisfies: Wraps both the input File and output File in BufReader/BufWriter. Add/adjust code until this is 
w22-x5	W22 · File I/O — Word Frequency Counter	Propagates errors from reader	fns=['harden_w22_5']	       Extends W22. Harden the core implementation so that it unprompted satisfies: Propagates errors from reader.lines() with line?. Add/adjust code until this is true — do not ju
w23-x1	W23 · Memory-Mapped File Scanner	Concretely, what's the worst thing that can happen if another process…	fns=['harden_w23_1']	       Extends W23. Interview follow-up turned into a coding drill for W23: Concretely, what's the worst thing that can happen if another process truncates this file while it's map
w23-x2	W23 · Memory-Mapped File Scanner	For mmap_line_count specifically, would BufReader::lines().count() be…	fns=['harden_w23_2']	       Extends W23. Interview follow-up turned into a coding drill for W23: For mmap_line_count specifically, would BufReader::lines().count() be just as fast? Extend or revise you
w23-x3	W23 · Memory-Mapped File Scanner	How would you share this mapping read-only across multiple threads?	fns=['harden_w23_3']	       Extends W23. Interview follow-up turned into a coding drill for W23: How would you share this mapping read-only across multiple threads? Extend or revise your W23 solution t
w23-x4	W23 · Memory-Mapped File Scanner	Writes an actual // SAFETY: comment above the unsafe block	fns=['harden_w23_4']	       Extends W23. Harden the core implementation so that it unprompted satisfies: Writes an actual // SAFETY: comment above the unsafe block. Add/adjust code until this is true —
w23-x5	W23 · Memory-Mapped File Scanner	Guards against pattern	fns=['harden_w23_5']	       Extends W23. Harden the core implementation so that it unprompted satisfies: Guards against pattern.len() > mmap.len() and an empty pattern. Add/adjust code until this is tr
w24-x1	W24 · async fn in Traits — Native vs Obj	What is this exercise doing manually that the async-trait crate would…	fns=['harden_w24_1']	       Extends W24. Interview follow-up turned into a coding drill for W24: What is this exercise doing manually that the async-trait crate would do for you with one attribute macr
w24-x2	W24 · async fn in Traits — Native vs Obj	Does boxing here cost anything at runtime, and does it matter for Slo…	fns=['harden_w24_2']	       Extends W24. Interview follow-up turned into a coding drill for W24: Does boxing here cost anything at runtime, and does it matter for SlowRemote specifically? Extend or rev
w24-x3	W24 · async fn in Traits — Native vs Obj	Why + Sync on the blanket impl's bound (T: DataSource + Sync), given …	fns=['harden_w24_3']	       Extends W24. Interview follow-up turned into a coding drill for W24: Why + Sync on the blanket impl's bound (T: DataSource + Sync), given the trait method itself only takes 
w24-x4	W24 · async fn in Traits — Native vs Obj	Correctly predicts that Box<dyn DataSource> fails to compile	fns=['harden_w24_4']	       Extends W24. Harden the core implementation so that it unprompted satisfies: Correctly predicts that Box<dyn DataSource> fails to compile. Add/adjust code until this is true
w24-x5	W24 · async fn in Traits — Native vs Obj	Writes the exact Pin<Box<dyn Future<Output =	fns=['harden_w24_5']	       Extends W24. Harden the core implementation so that it unprompted satisfies: Writes the exact Pin<Box<dyn Future<Output = ...> + Send + 'a>> return type by hand. Add/adjust 
w25-x1	W25 · Static vs Dynamic Dispatch — Shape	How would you actually verify whether the vtable indirection in total…	fns=['harden_w25_1']	       Extends W25. Interview follow-up turned into a coding drill for W25: How would you actually verify whether the vtable indirection in total_area_dyn matters for performance h
w25-x2	W25 · Static vs Dynamic Dispatch — Shape	Is there a way to get heterogeneous storage without one heap allocati…	fns=['harden_w25_2']	       Extends W25. Interview follow-up turned into a coding drill for W25: Is there a way to get heterogeneous storage without one heap allocation per shape? Extend or revise your
w25-x3	W25 · Static vs Dynamic Dispatch — Shape	When does the generic version's binary-size cost from monomorphisatio…	fns=['harden_w25_3']	       Extends W25. Interview follow-up turned into a coding drill for W25: When does the generic version's binary-size cost from monomorphisation actually start to bite in a real 
w25-x4	W25 · Static vs Dynamic Dispatch — Shape	Explains unprompted that total_area_generic::<Circle> and…	fns=['harden_w25_4']	       Extends W25. Harden the core implementation so that it unprompted satisfies: Explains unprompted that total_area_generic::<Circle> and a hypothetical total_area_generic::<Re
w25-x5	W25 · Static vs Dynamic Dispatch — Shape	Identifies &[impl Shape] as sugar for the same generic co…	fns=['harden_w25_5']	       Extends W25. Harden the core implementation so that it unprompted satisfies: Identifies &[impl Shape] as sugar for the same generic constraint. Add/adjust code until this is
w26-x1	W26 · Threads + Arc — Parallel Chunked S	What if you passed Rc> instead of Arc?	fns=['harden_w26_1']	       Extends W26. Interview follow-up turned into a coding drill for W26: What if you passed Rc> instead of Arc? Extend or revise your W26 solution to answer this with working AP
w26-x2	W26 · Threads + Arc — Parallel Chunked S	What does .join() actually return, and what happens if a spawned thre…	fns=['harden_w26_2']	       Extends W26. Interview follow-up turned into a coding drill for W26: What does .join() actually return, and what happens if a spawned thread panics? Extend or revise your W2
w26-x3	W26 · Threads + Arc — Parallel Chunked S	When would rayon's par_iter() be a better fit than this hand-rolled v…	fns=['harden_w26_3']	       Extends W26. Interview follow-up turned into a coding drill for W26: When would rayon's par_iter() be a better fit than this hand-rolled version? Extend or revise your W26 s
w26-x4	W26 · Threads + Arc — Parallel Chunked S	Calls Arc::clone(&data) once per thread before the move c…	fns=['harden_w26_4']	       Extends W26. Harden the core implementation so that it unprompted satisfies: Calls Arc::clone(&data) once per thread before the move closure. Add/adjust code until this is t
w26-x5	W26 · Threads + Arc — Parallel Chunked S	Spawns every thread first, collects all the JoinHandles i…	fns=['harden_w26_5']	       Extends W26. Harden the core implementation so that it unprompted satisfies: Spawns every thread first, collects all the JoinHandles into a Vec, and only then joins them. Ad
w27-x1	W27 · Generic Over Read/Write — Not File	Why not just use io::copy?	fns=['harden_w27_1']	       Extends W27. Interview follow-up turned into a coding drill for W27: Why not just use io::copy? Extend or revise your W27 solution to answer this with working API/code — not
w27-x2	W27 · Generic Over Read/Write — Not File	What if the reader is a network socket that only ever delivers a few …	fns=['harden_w27_2']	       Extends W27. Interview follow-up turned into a coding drill for W27: What if the reader is a network socket that only ever delivers a few bytes at a time? Extend or revise y
w27-x3	W27 · Generic Over Read/Write — Not File	Could you have bounded this by BufRead and used .lines() instead?	fns=['harden_w27_3']	       Extends W27. Interview follow-up turned into a coding drill for W27: Could you have bounded this by BufRead and used .lines() instead? Extend or revise your W27 solution to 
w27-x4	W27 · Generic Over Read/Write — Not File	Reads into a fixed-size stack buffer in a loop and treats…	fns=['harden_w27_4']	       Extends W27. Harden the core implementation so that it unprompted satisfies: Reads into a fixed-size stack buffer in a loop and treats Ok(0) as the sole EOF condition. Add/a
w27-x5	W27 · Generic Over Read/Write — Not File	Writes with write_all, not a bare write call	fns=['harden_w27_5']	       Extends W27. Harden the core implementation so that it unprompted satisfies: Writes with write_all, not a bare write call. Add/adjust code until this is true — do not just c
w28-x1	W28 · Raw TCP Echo Server — Event Loop O	Why try_clone() instead of some kind of split()?	fns=['harden_w28_1']	       Extends W28. Interview follow-up turned into a coding drill for W28: Why try_clone() instead of some kind of split()? Extend or revise your W28 solution to answer this with 
w28-x2	W28 · Raw TCP Echo Server — Event Loop O	What breaks first under load with thousands of simultaneous idle clie…	fns=['harden_w28_2']	       Extends W28. Interview follow-up turned into a coding drill for W28: What breaks first under load with thousands of simultaneous idle clients? Extend or revise your W28 solu
w28-x3	W28 · Raw TCP Echo Server — Event Loop O	What if a client sends one enormous line with no newline, ever?	fns=['harden_w28_3']	       Extends W28. Interview follow-up turned into a coding drill for W28: What if a client sends one enormous line with no newline, ever? Extend or revise your W28 solution to an
w28-x4	W28 · Raw TCP Echo Server — Event Loop O	Reaches for stream	fns=['harden_w28_4']	       Extends W28. Harden the core implementation so that it unprompted satisfies: Reaches for stream.try_clone() unprompted. Add/adjust code until this is true — do not just clai
w28-x5	W28 · Raw TCP Echo Server — Event Loop O	Spawns a new OS thread per accepted connection	fns=['harden_w28_5']	       Extends W28. Harden the core implementation so that it unprompted satisfies: Spawns a new OS thread per accepted connection. Add/adjust code until this is true — do not just
w29-x1	W29 · Implement the Read Trait Yourself	Could read_to_string ever fail on this specific type, and why would t…	fns=['harden_w29_1']	       Extends W29. Interview follow-up turned into a coding drill for W29: Could read_to_string ever fail on this specific type, and why would that be, generally? Extend or revise
w29-x2	W29 · Implement the Read Trait Yourself	When would you implement Read yourself instead of just handing caller…	fns=['harden_w29_2']	       Extends W29. Interview follow-up turned into a coding drill for W29: When would you implement Read yourself instead of just handing callers a Cursor>? Extend or revise your 
w29-x3	W29 · Implement the Read Trait Yourself	How would you make RepeatN return bytes in small chunks even when buf…	fns=['harden_w29_3']	       Extends W29. Interview follow-up turned into a coding drill for W29: How would you make RepeatN return bytes in small chunks even when buf is huge, to simulate a flaky real 
w29-x4	W29 · Implement the Read Trait Yourself	Clamps n to buf	fns=['harden_w29_4']	       Extends W29. Harden the core implementation so that it unprompted satisfies: Clamps n to buf.len().min(self.remaining). Add/adjust code until this is true — do not just clai
w29-x5	W29 · Implement the Read Trait Yourself	Returns Ok(0) only once remaining hits zero	fns=['harden_w29_5']	       Extends W29. Harden the core implementation so that it unprompted satisfies: Returns Ok(0) only once remaining hits zero. Add/adjust code until this is true — do not just cl
w30-x1	W30 · Stdin/Stdout Event Loop — Testable	Why does main() bind `let stdin = io::stdin();` on its own line inste…	fns=['harden_w30_1']	       Extends W30. Interview follow-up turned into a coding drill for W30: Why does main() bind `let stdin = io::stdin();` on its own line instead of writing `io::stdin().lock()` 
w30-x2	W30 · Stdin/Stdout Event Loop — Testable	How exactly does the test avoid touching a real terminal?	fns=['harden_w30_2']	       Extends W30. Interview follow-up turned into a coding drill for W30: How exactly does the test avoid touching a real terminal? Extend or revise your W30 solution to answer t
w30-x3	W30 · Stdin/Stdout Event Loop — Testable	What if a command handler itself needs to fail with something other t…	fns=['harden_w30_3']	       Extends W30. Interview follow-up turned into a coding drill for W30: What if a command handler itself needs to fail with something other than an I/O error, like a parse erro
w30-x4	W30 · Stdin/Stdout Event Loop — Testable	Explicitly	fns=['harden_w30_4']	       Extends W30. Harden the core implementation so that it unprompted satisfies: Explicitly .flush()es right after writing the prompt, before blocking on the next read. Add/adju
w30-x5	W30 · Stdin/Stdout Event Loop — Testable	Treats lines	fns=['harden_w30_5']	       Extends W30. Harden the core implementation so that it unprompted satisfies: Treats lines.next() returning None as the one true "input is done" exit. Add/adjust code until t
w31-x1	W31 · Trie-Based Autocomplete System	What's the time complexity of insert and the prefix-walk step of auto…	fns=['harden_w31_1']	       Extends W31. Interview follow-up turned into a coding drill for W31: What's the time complexity of insert and the prefix-walk step of autocomplete, and why doesn't it depend
w31-x2	W31 · Trie-Based Autocomplete System	How would you rank results by popularity instead of alphabetically?	fns=['harden_w31_2']	       Extends W31. Interview follow-up turned into a coding drill for W31: How would you rank results by popularity instead of alphabetically? Extend or revise your W31 solution t
w31-x3	W31 · Trie-Based Autocomplete System	Is this in-memory structure actually a good fit for a production auto…	fns=['harden_w31_3']	       Extends W31. Interview follow-up turned into a coding drill for W31: Is this in-memory structure actually a good fit for a production autocomplete feature? Extend or revise 
w31-x4	W31 · Trie-Based Autocomplete System	Uses HashMap<char, TrieNode> for children directly, with …	fns=['harden_w31_4']	       Extends W31. Harden the core implementation so that it unprompted satisfies: Uses HashMap<char, TrieNode> for children directly, with no Box. Add/adjust code until this is t
w31-x5	W31 · Trie-Based Autocomplete System	Builds output with one shared, mutable String buffer (buf	fns=['harden_w31_5']	       Extends W31. Harden the core implementation so that it unprompted satisfies: Builds output with one shared, mutable String buffer (buf.push/buf.pop). Add/adjust code until t
w32-x1	W32 · BinaryHeap — Top-K Frequent Elemen	Why (usize, i32) instead of pushing just the count?	fns=['harden_w32_1']	       Extends W32. Interview follow-up turned into a coding drill for W32: Why (usize, i32) instead of pushing just the count? Extend or revise your W32 solution to answer this wi
w32-x2	W32 · BinaryHeap — Top-K Frequent Elemen	When would a plain sort_by_key beat this heap approach?	fns=['harden_w32_2']	       Extends W32. Interview follow-up turned into a coding drill for W32: When would a plain sort_by_key beat this heap approach? Extend or revise your W32 solution to answer thi
w32-x3	W32 · BinaryHeap — Top-K Frequent Elemen	Could you implement BinaryHeap's push/pop yourself on a plain Vec? Wh…	fns=['harden_w32_3']	       Extends W32. Interview follow-up turned into a coding drill for W32: Could you implement BinaryHeap's push/pop yourself on a plain Vec? What are the two operations that main
w32-x4	W32 · BinaryHeap — Top-K Frequent Elemen	Knows unprompted that std::collections::BinaryHeap is a m…	fns=['harden_w32_4']	       Extends W32. Harden the core implementation so that it unprompted satisfies: Knows unprompted that std::collections::BinaryHeap is a max-heap. Add/adjust code until this is 
w32-x5	W32 · BinaryHeap — Top-K Frequent Elemen	Bounds the heap to size k throughout the loop	fns=['harden_w32_5']	       Extends W32. Harden the core implementation so that it unprompted satisfies: Bounds the heap to size k throughout the loop. Add/adjust code until this is true — do not just 
w33-x1	W33 · Quicksort From Scratch — In Place	What's the average-case and worst-case complexity here, and when does…	fns=['harden_w33_1']	       Extends W33. Interview follow-up turned into a coding drill for W33: What's the average-case and worst-case complexity here, and when does the worst case actually happen? Ex
w33-x2	W33 · Quicksort From Scratch — In Place	What's one concrete way to avoid that worst case in practice?	fns=['harden_w33_2']	       Extends W33. Interview follow-up turned into a coding drill for W33: What's one concrete way to avoid that worst case in practice? Extend or revise your W33 solution to answ
w33-x3	W33 · Quicksort From Scratch — In Place	In real Rust code, would you ever actually hand-write this instead of…	fns=['harden_w33_3']	       Extends W33. Interview follow-up turned into a coding drill for W33: In real Rust code, would you ever actually hand-write this instead of calling .sort() or .sort_unstable(
w33-x4	W33 · Quicksort From Scratch — In Place	Uses slice	fns=['harden_w33_4']	       Extends W33. Harden the core implementation so that it unprompted satisfies: Uses slice.split_at_mut(pivot_index) to get two disjoint &mut sub-slices. Add/adjust code until 
w33-x5	W33 · Quicksort From Scratch — In Place	Sorts genuinely in place	fns=['harden_w33_5']	       Extends W33. Harden the core implementation so that it unprompted satisfies: Sorts genuinely in place. Add/adjust code until this is true — do not just claim it in comments.
w34-x1	W34 · N-Worker Task Pool That Returns Re	Why not make ThreadPool itself generic over the result type directly?	fns=['harden_w34_1']	       Extends W34. Interview follow-up turned into a coding drill for W34: Why not make ThreadPool itself generic over the result type directly? Extend or revise your W34 solution
w34-x2	W34 · N-Worker Task Pool That Returns Re	What happens if the caller never calls .recv() on the returned Receiver?	fns=['harden_w34_2']	       Extends W34. Interview follow-up turned into a coding drill for W34: What happens if the caller never calls .recv() on the returned Receiver? Extend or revise your W34 solut
w34-x3	W34 · N-Worker Task Pool That Returns Re	Is there a real crate or std API that already gives you exactly this …	fns=['harden_w34_3']	       Extends W34. Interview follow-up turned into a coding drill for W34: Is there a real crate or std API that already gives you exactly this pattern? Extend or revise your W34 
w34-x4	W34 · N-Worker Task Pool That Returns Re	Recognizes execute must be generic, but the pool's intern…	fns=['harden_w34_4']	       Extends W34. Harden the core implementation so that it unprompted satisfies: Recognizes execute must be generic, but the pool's internal shared job queue cannot be. Add/adju
w34-x5	W34 · N-Worker Task Pool That Returns Re	Creates a brand-new mpsc::channel() per call to execute	fns=['harden_w34_5']	       Extends W34. Harden the core implementation so that it unprompted satisfies: Creates a brand-new mpsc::channel() per call to execute. Add/adjust code until this is true — do
w35-x1	W35 · Pub/Sub Message Broadcast Queue	What if T is expensive to clone — say, a large Vec payload?	fns=['harden_w35_1']	       Extends W35. Interview follow-up turned into a coding drill for W35: What if T is expensive to clone — say, a large Vec payload? Extend or revise your W35 solution to answer
w35-x2	W35 · Pub/Sub Message Broadcast Queue	Multiple threads calling publish() concurrently — is this actually sa…	fns=['harden_w35_2']	       Extends W35. Interview follow-up turned into a coding drill for W35: Multiple threads calling publish() concurrently — is this actually safe, and could messages arrive out o
w35-x3	W35 · Pub/Sub Message Broadcast Queue	How is this different from tokio::sync::broadcast, and when would you…	fns=['harden_w35_3']	       Extends W35. Interview follow-up turned into a coding drill for W35: How is this different from tokio::sync::broadcast, and when would you reach for this hand-rolled version
w35-x4	W35 · Pub/Sub Message Broadcast Queue	Uses Vec::retain inside publish to prune subscribers whos…	fns=['harden_w35_4']	       Extends W35. Harden the core implementation so that it unprompted satisfies: Uses Vec::retain inside publish to prune subscribers whose send() returned Err. Add/adjust code 
w35-x5	W35 · Pub/Sub Message Broadcast Queue	Clones msg once per subscriber	fns=['harden_w35_5']	       Extends W35. Harden the core implementation so that it unprompted satisfies: Clones msg once per subscriber. Add/adjust code until this is true — do not just claim it in com
w36-x1	W36 · Zero-Copy Tokenizer — Struct Lifet	What would go wrong if Tokenizer had no lifetime parameter at all — s…	fns=['harden_w36_1']	       Extends W36. Interview follow-up turned into a coding drill for W36: What would go wrong if Tokenizer had no lifetime parameter at all — struct Tokenizer { remaining: &str }
w36-x2	W36 · Zero-Copy Tokenizer — Struct Lifet	Could a Tokenizer ever outlive the &'a str it was built from?	fns=['harden_w36_2']	       Extends W36. Interview follow-up turned into a coding drill for W36: Could a Tokenizer ever outlive the &'a str it was built from? Extend or revise your W36 solution to answ
w36-x3	W36 · Zero-Copy Tokenizer — Struct Lifet	How would you extend this to split on custom delimiters (e.g. commas)…	fns=['harden_w36_3']	       Extends W36. Interview follow-up turned into a coding drill for W36: How would you extend this to split on custom delimiters (e.g. commas) without giving up the zero-copy pr
w36-x4	W36 · Zero-Copy Tokenizer — Struct Lifet	Declares the struct with an explicit lifetime parameter, …	fns=['harden_w36_4']	       Extends W36. Harden the core implementation so that it unprompted satisfies: Declares the struct with an explicit lifetime parameter, struct Tokenizer<'a> { remaining: &'a s
w36-x5	W36 · Zero-Copy Tokenizer — Struct Lifet	Writes type Item = &'a str; tied to the struct's own 'a	fns=['harden_w36_5']	       Extends W36. Harden the core implementation so that it unprompted satisfies: Writes type Item = &'a str; tied to the struct's own 'a. Add/adjust code until this is true — do
w37-x1	W37 · Two Independent Input Lifetimes — 	What if you'd written first_match(haystack: &'a [T], needle: &'a T) -…	fns=['harden_w37_1']	       Extends W37. Interview follow-up turned into a coding drill for W37: What if you'd written first_match(haystack: &'a [T], needle: &'a T) -> Option instead — does it still co
w37-x2	W37 · Two Independent Input Lifetimes — 	Is there a version of this problem where the return type genuinely wo…	fns=['harden_w37_2']	       Extends W37. Interview follow-up turned into a coding drill for W37: Is there a version of this problem where the return type genuinely would need to share one lifetime acro
w37-x3	W37 · Two Independent Input Lifetimes — 	How does this connect to the classic longest(x, y) example almost eve…	fns=['harden_w37_3']	       Extends W37. Interview follow-up turned into a coding drill for W37: How does this connect to the classic longest(x, y) example almost everyone first learns lifetimes from? 
w37-x4	W37 · Two Independent Input Lifetimes — 	Gives haystack and needle genuinely independent lifetime …	fns=['harden_w37_4']	       Extends W37. Harden the core implementation so that it unprompted satisfies: Gives haystack and needle genuinely independent lifetime parameters. Add/adjust code until this 
w37-x5	W37 · Two Independent Input Lifetimes — 	Writes the return type as Option<&'a T>	fns=['harden_w37_5']	       Extends W37. Harden the core implementation so that it unprompted satisfies: Writes the return type as Option<&'a T>. Add/adjust code until this is true — do not just claim 
w38-x1	W38 · The Self-Referential Struct Trap —	If moving a String doesn't actually invalidate a pointer into its hea…	fns=['harden_w38_1']	       Extends W38. Interview follow-up turned into a coding drill for W38: If moving a String doesn't actually invalidate a pointer into its heap buffer, why is self-referencing s
w38-x2	W38 · The Self-Referential Struct Trap —	When would you actually reach for a crate like ouroboros or self_cell…	fns=['harden_w38_2']	       Extends W38. Interview follow-up turned into a coding drill for W38: When would you actually reach for a crate like ouroboros or self_cell instead of the separate-owner fix 
w38-x3	W38 · The Self-Referential Struct Trap —	What's the tradeoff between storing &'a str tokens directly, versus s…	fns=['harden_w38_3']	       Extends W38. Interview follow-up turned into a coding drill for W38: What's the tradeoff between storing &'a str tokens directly, versus storing (start, end) byte-index pair
w38-x4	W38 · The Self-Referential Struct Trap —	Explains that the real blocker is structural, not "moves …	fns=['harden_w38_4']	       Extends W38. Harden the core implementation so that it unprompted satisfies: Explains that the real blocker is structural, not "moves invalidate pointers". Add/adjust code u
w38-x5	W38 · The Self-Referential Struct Trap —	Fixes it by separating ownership from borrowing	fns=['harden_w38_5']	       Extends W38. Harden the core implementation so that it unprompted satisfies: Fixes it by separating ownership from borrowing. Add/adjust code until this is true — do not jus
w39-x1	W39 · Cow<'_, str> — Allocate Only When 	What's the actual point of Cow here versus just always returning an o…	fns=['harden_w39_1']	       Extends W39. Interview follow-up turned into a coding drill for W39: What's the actual point of Cow here versus just always returning an owned String? Extend or revise your 
w39-x2	W39 · Cow<'_, str> — Allocate Only When 	If a caller does `let s: String = normalize_whitespace(input).into_ow…	fns=['harden_w39_2']	       Extends W39. Interview follow-up turned into a coding drill for W39: If a caller does `let s: String = normalize_whitespace(input).into_owned();` on a value that was Cow::Bo
w39-x3	W39 · Cow<'_, str> — Allocate Only When 	Where does the standard library itself lean on this exact pattern?	fns=['harden_w39_3']	       Extends W39. Interview follow-up turned into a coding drill for W39: Where does the standard library itself lean on this exact pattern? Extend or revise your W39 solution to
w39-x4	W39 · Cow<'_, str> — Allocate Only When 	Returns Cow::Borrowed(input) directly when no rewrite is …	fns=['harden_w39_4']	       Extends W39. Harden the core implementation so that it unprompted satisfies: Returns Cow::Borrowed(input) directly when no rewrite is needed. Add/adjust code until this is t
w39-x5	W39 · Cow<'_, str> — Allocate Only When 	Scans first with a cheap, read-only pass to decide whethe…	fns=['harden_w39_5']	       Extends W39. Harden the core implementation so that it unprompted satisfies: Scans first with a cheap, read-only pass to decide whether a rewrite is needed. Add/adjust code 
w40-x1	W40 · Zero-Copy Binary Header Parser	What happens if length is a lie — the header claims 5 bytes of payloa…	fns=['harden_w40_1']	       Extends W40. Interview follow-up turned into a coding drill for W40: What happens if length is a lie — the header claims 5 bytes of payload but only 2 remain in buf? Extend 
w40-x2	W40 · Zero-Copy Binary Header Parser	Frame borrows from buf — what does that mean for how long the caller …	fns=['harden_w40_2']	       Extends W40. Interview follow-up turned into a coding drill for W40: Frame borrows from buf — what does that mean for how long the caller must keep buf alive? Extend or revi
w40-x3	W40 · Zero-Copy Binary Header Parser	For a real high-throughput parser reading many frames off a persisten…	fns=['harden_w40_3']	       Extends W40. Interview follow-up turned into a coding drill for W40: For a real high-throughput parser reading many frames off a persistent connection, is a fresh Vec per re
w40-x4	W40 · Zero-Copy Binary Header Parser	Returns payload: &'a [u8] borrowed directly from the inpu…	fns=['harden_w40_4']	       Extends W40. Harden the core implementation so that it unprompted satisfies: Returns payload: &'a [u8] borrowed directly from the input buffer. Add/adjust code until this is
w40-x5	W40 · Zero-Copy Binary Header Parser	Validates buffer length BEFORE calling split_at/indexing,…	fns=['harden_w40_5']	       Extends W40. Harden the core implementation so that it unprompted satisfies: Validates buffer length BEFORE calling split_at/indexing, at every step. Add/adjust code until t
w41-x1	W41 · Vec<u8> Buffer Building — Capacity	Why does capacity matter here at all — won't Vec::push handle growth …	fns=['harden_w41_1']	       Extends W41. Interview follow-up turned into a coding drill for W41: Why does capacity matter here at all — won't Vec::push handle growth automatically either way? Extend or
w41-x2	W41 · Vec<u8> Buffer Building — Capacity	What would you need to change if items.len() could be enormous — is i…	fns=['harden_w41_2']	       Extends W41. Interview follow-up turned into a coding drill for W41: What would you need to change if items.len() could be enormous — is items.len() * 4 always safe? Extend 
w41-x3	W41 · Vec<u8> Buffer Building — Capacity	Real wire formats (protobuf, bincode) usually use variable-length int…	fns=['harden_w41_3']	       Extends W41. Interview follow-up turned into a coding drill for W41: Real wire formats (protobuf, bincode) usually use variable-length integers instead of a fixed 4-byte cou
w41-x4	W41 · Vec<u8> Buffer Building — Capacity	Computes the exact required capacity upfront and passes i…	fns=['harden_w41_4']	       Extends W41. Harden the core implementation so that it unprompted satisfies: Computes the exact required capacity upfront and passes it to Vec::with_capacity. Add/adjust cod
w41-x5	W41 · Vec<u8> Buffer Building — Capacity	Uses extend_from_slice	fns=['harden_w41_5']	       Extends W41. Harden the core implementation so that it unprompted satisfies: Uses extend_from_slice. Add/adjust code until this is true — do not just claim it in comments.  
w42-x1	W42 · Dijkstra's Shortest Path — BinaryH	Why is it safe to just leave stale entries in the heap instead of rem…	fns=['harden_w42_1']	       Extends W42. Interview follow-up turned into a coding drill for W42: Why is it safe to just leave stale entries in the heap instead of removing or updating them? Extend or r
w42-x2	W42 · Dijkstra's Shortest Path — BinaryH	What breaks if an edge weight can be negative?	fns=['harden_w42_2']	       Extends W42. Interview follow-up turned into a coding drill for W42: What breaks if an edge weight can be negative? Extend or revise your W42 solution to answer this with wo
w42-x3	W42 · Dijkstra's Shortest Path — BinaryH	How would you make Graph generic over the node ID type instead of har…	fns=['harden_w42_3']	       Extends W42. Interview follow-up turned into a coding drill for W42: How would you make Graph generic over the node ID type instead of hardcoding usize? Extend or revise you
w42-x4	W42 · Dijkstra's Shortest Path — BinaryH	Wraps the heap entries in Reverse without being reminded	fns=['harden_w42_4']	       Extends W42. Harden the core implementation so that it unprompted satisfies: Wraps the heap entries in Reverse without being reminded. Add/adjust code until this is true — d
w42-x5	W42 · Dijkstra's Shortest Path — BinaryH	Handles stale heap entries correctly	fns=['harden_w42_5']	       Extends W42. Harden the core implementation so that it unprompted satisfies: Handles stale heap entries correctly. Add/adjust code until this is true — do not just claim it 
w43-x1	W43 · Generic BST with a Hand-Rolled In-	What's the amortised time complexity of calling .next() N times acros…	fns=['harden_w43_1']	       Extends W43. Interview follow-up turned into a coding drill for W43: What's the amortised time complexity of calling .next() N times across a full traversal, versus the wors
w43-x2	W43 · Generic BST with a Hand-Rolled In-	This tree can degrade to a linked list for sorted input — how would y…	fns=['harden_w43_2']	       Extends W43. Interview follow-up turned into a coding drill for W43: This tree can degrade to a linked list for sorted input — how would you fix that, and does it affect the
w43-x3	W43 · Generic BST with a Hand-Rolled In-	How would you add a remove(&mut self, value: &T) -> bool method — wha…	fns=['harden_w43_3']	       Extends W43. Interview follow-up turned into a coding drill for W43: How would you add a remove(&mut self, value: &T) -> bool method — what's the tricky case? Extend or revi
w43-x4	W43 · Generic BST with a Hand-Rolled In-	Uses an explicit Vec-as-stack for the iterator	fns=['harden_w43_4']	       Extends W43. Harden the core implementation so that it unprompted satisfies: Uses an explicit Vec-as-stack for the iterator. Add/adjust code until this is true — do not just
w43-x5	W43 · Generic BST with a Hand-Rolled In-	Recurses through &mut Option<Box<Node<T>>>	fns=['harden_w43_5']	       Extends W43. Harden the core implementation so that it unprompted satisfies: Recurses through &mut Option<Box<Node<T>>>. Add/adjust code until this is true — do not just cla
w44-x1	W44 · Generic Memoization Engine + a Dyn	Your Memoizer caches forever and never evicts — what's the risk in a …	fns=['harden_w44_1']	       Extends W44. Interview follow-up turned into a coding drill for W44: Your Memoizer caches forever and never evicts — what's the risk in a long-running process, and how would
w44-x2	W44 · Generic Memoization Engine + a Dyn	The knapsack table is O(n × capacity) space — how would you reduce it…	fns=['harden_w44_2']	       Extends W44. Interview follow-up turned into a coding drill for W44: The knapsack table is O(n × capacity) space — how would you reduce it to O(capacity)? Extend or revise y
w44-x3	W44 · Generic Memoization Engine + a Dyn	coin_change as written is a bottom-up table, not memoized recursion —…	fns=['harden_w44_3']	       Extends W44. Interview follow-up turned into a coding drill for W44: coin_change as written is a bottom-up table, not memoized recursion — could you have solved it with your
w44-x4	W44 · Generic Memoization Engine + a Dyn	Recognizes and can explain why the generic Memoizer<K,V,F…	fns=['harden_w44_4']	       Extends W44. Harden the core implementation so that it unprompted satisfies: Recognizes and can explain why the generic Memoizer<K,V,F> can't support self-recursive calls. A
w44-x5	W44 · Generic Memoization Engine + a Dyn	Uses RefCell for the cache behind a &self-taking call()	fns=['harden_w44_5']	       Extends W44. Harden the core implementation so that it unprompted satisfies: Uses RefCell for the cache behind a &self-taking call(). Add/adjust code until this is true — do
w45-x1	W45 · Interval Merging, Meeting Rooms & 	Give me a concrete input where sorting max_non_overlapping by START t…	fns=['harden_w45_1']	       Extends W45. Interview follow-up turned into a coding drill for W45: Give me a concrete input where sorting max_non_overlapping by START time instead of END time produces a 
w45-x2	W45 · Interval Merging, Meeting Rooms & 	min_meeting_rooms as written returns a count — how would you extend i…	fns=['harden_w45_2']	       Extends W45. Interview follow-up turned into a coding drill for W45: min_meeting_rooms as written returns a count — how would you extend it to also return WHICH room number 
w45-x3	W45 · Interval Merging, Meeting Rooms & 	All three functions take Vec by value and sort it in place with `mut`…	fns=['harden_w45_3']	       Extends W45. Interview follow-up turned into a coding drill for W45: All three functions take Vec by value and sort it in place with `mut` — what if the caller needs their o
w45-x4	W45 · Interval Merging, Meeting Rooms & 	Sorts max_non_overlapping by end time and the other two b…	fns=['harden_w45_4']	       Extends W45. Harden the core implementation so that it unprompted satisfies: Sorts max_non_overlapping by end time and the other two by start time, and can explain why. Add/
w45-x5	W45 · Interval Merging, Meeting Rooms & 	Uses Reverse on the meeting-rooms heap	fns=['harden_w45_5']	       Extends W45. Harden the core implementation so that it unprompted satisfies: Uses Reverse on the meeting-rooms heap. Add/adjust code until this is true — do not just claim i
w46-x1	W46 · Greedy CPU Task Scheduler With a C	There's a well-known O(1) closed-form formula for this problem instea…	fns=['harden_w46_1']	       Extends W46. Interview follow-up turned into a coding drill for W46: There's a well-known O(1) closed-form formula for this problem instead of simulating tick by tick — what
w46-x2	W46 · Greedy CPU Task Scheduler With a C	What if two different task types are allowed to have DIFFERENT cooldo…	fns=['harden_w46_2']	       Extends W46. Interview follow-up turned into a coding drill for W46: What if two different task types are allowed to have DIFFERENT cooldown periods instead of one shared n?
w46-x3	W46 · Greedy CPU Task Scheduler With a C	How would this change if tasks had different EXECUTION durations inst…	fns=['harden_w46_3']	       Extends W46. Interview follow-up turned into a coding drill for W46: How would this change if tasks had different EXECUTION durations instead of all taking exactly one tick?
w46-x4	W46 · Greedy CPU Task Scheduler With a C	Does NOT wrap the heap in Reverse here	fns=['harden_w46_4']	       Extends W46. Harden the core implementation so that it unprompted satisfies: Does NOT wrap the heap in Reverse here. Add/adjust code until this is true — do not just claim i
w46-x5	W46 · Greedy CPU Task Scheduler With a C	Uses a VecDeque as the cooldown queue and relies on FIFO …	fns=['harden_w46_5']	       Extends W46. Harden the core implementation so that it unprompted satisfies: Uses a VecDeque as the cooldown queue and relies on FIFO order. Add/adjust code until this is tr
w47-x1	W47 · Generic Matrix<T> With Operator Ov	Why can't Index::index return Result or Option for a bounds-checked l…	fns=['harden_w47_1']	       Extends W47. Interview follow-up turned into a coding drill for W47: Why can't Index::index return Result or Option for a bounds-checked lookup? Extend or revise your W47 so
w47-x2	W47 · Generic Matrix<T> With Operator Ov	The naive triple-nested-loop matrix multiply here is O(rows × cols × …	fns=['harden_w47_2']	       Extends W47. Interview follow-up turned into a coding drill for W47: The naive triple-nested-loop matrix multiply here is O(rows × cols × inner) — for a real numeric library
w47-x3	W47 · Generic Matrix<T> With Operator Ov	const generics let you write Matrix with array-backed storage instead…	fns=['harden_w47_3']	       Extends W47. Interview follow-up turned into a coding drill for W47: const generics let you write Matrix with array-backed storage instead of Vec — what would that buy you, 
w47-x4	W47 · Generic Matrix<T> With Operator Ov	Gets the trait bounds precise, not maximal	fns=['harden_w47_4']	       Extends W47. Harden the core implementation so that it unprompted satisfies: Gets the trait bounds precise, not maximal. Add/adjust code until this is true — do not just cla
w47-x5	W47 · Generic Matrix<T> With Operator Ov	Implements Mul for &Matrix<T>, not Matrix<T> by value	fns=['harden_w47_5']	       Extends W47. Harden the core implementation so that it unprompted satisfies: Implements Mul for &Matrix<T>, not Matrix<T> by value. Add/adjust code until this is true — do n
w48-x1	W48 · Number Theory Toolkit — Sieve, GCD	Walk through exactly why exponentiation-by-squaring only needs O(log …	fns=['harden_w48_1']	       Extends W48. Interview follow-up turned into a coding drill for W48: Walk through exactly why exponentiation-by-squaring only needs O(log exp) multiplications. Extend or rev
w48-x2	W48 · Number Theory Toolkit — Sieve, GCD	is_prime(n) for a single large n is O(sqrt(n)) — if you needed to che…	fns=['harden_w48_2']	       Extends W48. Interview follow-up turned into a coding drill for W48: is_prime(n) for a single large n is O(sqrt(n)) — if you needed to check primality for millions of number
w48-x3	W48 · Number Theory Toolkit — Sieve, GCD	mod_pow uses u64 arithmetic — what's the overflow risk in `result * b…	fns=['harden_w48_3']	       Extends W48. Interview follow-up turned into a coding drill for W48: mod_pow uses u64 arithmetic — what's the overflow risk in `result * base % modulus` and `base * base % m
w48-x4	W48 · Number Theory Toolkit — Sieve, GCD	Implements mod_pow via exponentiation-by-squaring	fns=['harden_w48_4']	       Extends W48. Harden the core implementation so that it unprompted satisfies: Implements mod_pow via exponentiation-by-squaring. Add/adjust code until this is true — do not j
w48-x5	W48 · Number Theory Toolkit — Sieve, GCD	Starts the sieve's inner marking loop at candidate * cand…	fns=['harden_w48_5']	       Extends W48. Harden the core implementation so that it unprompted satisfies: Starts the sieve's inner marking loop at candidate * candidate. Add/adjust code until this is tr
w49-x1	W49 · Capstone — A Generic, Cached, Quer	put() writes to both the backing store and the cache — get() only rea…	fns=['harden_w49_1']	       Extends W49. Interview follow-up turned into a coding drill for W49: put() writes to both the backing store and the cache — get() only reads from the cache on a hit. What ha
w49-x2	W49 · Capstone — A Generic, Cached, Quer	Storage requires cloning V on every get()/query() — what would you ch…	fns=['harden_w49_2']	       Extends W49. Interview follow-up turned into a coding drill for W49: Storage requires cloning V on every get()/query() — what would you change for a large V where cloning is
w49-x3	W49 · Capstone — A Generic, Cached, Quer	If you had to add a SECOND index — say, querying users efficiently by…	fns=['harden_w49_3']	       Extends W49. Interview follow-up turned into a coding drill for W49: If you had to add a SECOND index — say, querying users efficiently by age range, not just by key — how w
w49-x4	W49 · Capstone — A Generic, Cached, Quer	Designs Storage as a trait before writing DocumentStore	fns=['harden_w49_4']	       Extends W49. Harden the core implementation so that it unprompted satisfies: Designs Storage as a trait before writing DocumentStore. Add/adjust code until this is true — do
w49-x5	W49 · Capstone — A Generic, Cached, Quer	Writes query() as a pure iterator-adapter chain	fns=['harden_w49_5']	       Extends W49. Harden the core implementation so that it unprompted satisfies: Writes query() as a pure iterator-adapter chain. Add/adjust code until this is true — do not jus
w50-x1	W50 · Lock-Free SPSC Ring Buffer — Atomi	How would you actually PROVE this is correct, beyond 'the test passed…	fns=['harden_w50_1']	       Extends W50. Interview follow-up turned into a coding drill for W50: How would you actually PROVE this is correct, beyond 'the test passed on my machine'? Extend or revise y
w50-x2	W50 · Lock-Free SPSC Ring Buffer — Atomi	This ring buffer suffers from false sharing between head and tail — w…	fns=['harden_w50_2']	       Extends W50. Interview follow-up turned into a coding drill for W50: This ring buffer suffers from false sharing between head and tail — what does that mean, and how would y
w50-x3	W50 · Lock-Free SPSC Ring Buffer — Atomi	What would need to change to support MULTIPLE producers (an MPSC queu…	fns=['harden_w50_3']	       Extends W50. Interview follow-up turned into a coding drill for W50: What would need to change to support MULTIPLE producers (an MPSC queue) instead of exactly one? Extend o
w50-x4	W50 · Lock-Free SPSC Ring Buffer — Atomi	Justifies each Ordering choice specifically	fns=['harden_w50_4']	       Extends W50. Harden the core implementation so that it unprompted satisfies: Justifies each Ordering choice specifically. Add/adjust code until this is true — do not just cl
w50-x5	W50 · Lock-Free SPSC Ring Buffer — Atomi	Splits the API into non-Clone-able Producer<T>/Consumer<T…	fns=['harden_w50_5']	       Extends W50. Harden the core implementation so that it unprompted satisfies: Splits the API into non-Clone-able Producer<T>/Consumer<T> handles. Add/adjust code until this i
w51-x1	W51 · Write-Ahead Log With Crash Recover	fsync-ing after EVERY single append is a real throughput bottleneck —…	fns=['harden_w51_1']	       Extends W51. Interview follow-up turned into a coding drill for W51: fsync-ing after EVERY single append is a real throughput bottleneck — how do production systems (Postgre
w51-x2	W51 · Write-Ahead Log With Crash Recover	This WAL grows forever — what's the real-world mechanism for reclaimi…	fns=['harden_w51_2']	       Extends W51. Interview follow-up turned into a coding drill for W51: This WAL grows forever — what's the real-world mechanism for reclaiming space, and why can't you just de
w51-x3	W51 · Write-Ahead Log With Crash Recover	What if a crash corrupts a record in the MIDDLE of the file, not at t…	fns=['harden_w51_3']	       Extends W51. Interview follow-up turned into a coding drill for W51: What if a crash corrupts a record in the MIDDLE of the file, not at the tail — does this replay implemen
w51-x4	W51 · Write-Ahead Log With Crash Recover	Makes replay stop silently at the first torn/corrupt reco…	fns=['harden_w51_4']	       Extends W51. Harden the core implementation so that it unprompted satisfies: Makes replay stop silently at the first torn/corrupt record instead of returning Err. Add/adjust
w51-x5	W51 · Write-Ahead Log With Crash Recover	Calls sync_data() (or sync_all()) after every write_all, …	fns=['harden_w51_5']	       Extends W51. Harden the core implementation so that it unprompted satisfies: Calls sync_data() (or sync_all()) after every write_all, inside append itself. Add/adjust code u
w52-x1	W52 · Generic B-Tree — Node Splitting, t	Real databases use B+ trees, not plain B-trees like this one — what's…	fns=['harden_w52_1']	       Extends W52. Interview follow-up turned into a coding drill for W52: Real databases use B+ trees, not plain B-trees like this one — what's the actual difference, and why doe
w52-x2	W52 · Generic B-Tree — Node Splitting, t	This exercise never deletes anything — what makes B-tree deletion har…	fns=['harden_w52_2']	       Extends W52. Interview follow-up turned into a coding drill for W52: This exercise never deletes anything — what makes B-tree deletion harder than insertion? Extend or revis
w52-x3	W52 · Generic B-Tree — Node Splitting, t	Why is a B-tree the right shape for a DISK-backed index, when a balan…	fns=['harden_w52_3']	       Extends W52. Interview follow-up turned into a coding drill for W52: Why is a B-tree the right shape for a DISK-backed index, when a balanced binary tree (like your W43 BST)
w52-x4	W52 · Generic B-Tree — Node Splitting, t	Splits full nodes proactively on the way DOWN	fns=['harden_w52_4']	       Extends W52. Harden the core implementation so that it unprompted satisfies: Splits full nodes proactively on the way DOWN. Add/adjust code until this is true — do not just 
w52-x5	W52 · Generic B-Tree — Node Splitting, t	Handles the root-is-full case as a special, separate step	fns=['harden_w52_5']	       Extends W52. Harden the core implementation so that it unprompted satisfies: Handles the root-is-full case as a special, separate step. Add/adjust code until this is true — 
w53-x1	W53 · Lexer + Recursive-Descent Parser —	How would you add exponentiation (^) with the correct precedence AND …	fns=['harden_w53_1']	       Extends W53. Interview follow-up turned into a coding drill for W53: How would you add exponentiation (^) with the correct precedence AND right-associativity (2^3^2 should b
w53-x2	W53 · Lexer + Recursive-Descent Parser —	Right now a lex error and a parse error are both just formatted into …	fns=['harden_w53_2']	       Extends W53. Interview follow-up turned into a coding drill for W53: Right now a lex error and a parse error are both just formatted into a String — what would you change fo
w53-x3	W53 · Lexer + Recursive-Descent Parser —	This parser bails out with Err on the very first problem it finds — w…	fns=['harden_w53_3']	       Extends W53. Interview follow-up turned into a coding drill for W53: This parser bails out with Err on the very first problem it finds — what's the downside of that for a re
w53-x4	W53 · Lexer + Recursive-Descent Parser —	Encodes precedence purely through which function calls which	fns=['harden_w53_4']	       Extends W53. Harden the core implementation so that it unprompted satisfies: Encodes precedence purely through which function calls which. Add/adjust code until this is true
w53-x5	W53 · Lexer + Recursive-Descent Parser —	Checks for leftover tokens after parsing	fns=['harden_w53_5']	       Extends W53. Harden the core implementation so that it unprompted satisfies: Checks for leftover tokens after parsing. Add/adjust code until this is true — do not just claim
w54-x1	W54 · Stack-Based Bytecode VM — Compilin	How would you add variables (like `x`) to this language — what change…	fns=['harden_w54_1']	       Extends W54. Interview follow-up turned into a coding drill for W54: How would you add variables (like `x`) to this language — what changes in both the compiler and the VM? 
w54-x2	W54 · Stack-Based Bytecode VM — Compilin	Real VMs (the JVM, CPython) do constant folding and other optimizatio…	fns=['harden_w54_2']	       Extends W54. Interview follow-up turned into a coding drill for W54: Real VMs (the JVM, CPython) do constant folding and other optimizations on bytecode — could you fold `Pu
w54-x3	W54 · Stack-Based Bytecode VM — Compilin	This VM uses a Vec as an operand stack with dynamic push/pop — how wo…	fns=['harden_w54_3']	       Extends W54. Interview follow-up turned into a coding drill for W54: This VM uses a Vec as an operand stack with dynamic push/pop — how would a register-based VM (like Lua's
w54-x4	W54 · Stack-Based Bytecode VM — Compilin	Pops operands in the correct order for non-commutative op…	fns=['harden_w54_4']	       Extends W54. Harden the core implementation so that it unprompted satisfies: Pops operands in the correct order for non-commutative operators. Add/adjust code until this is 
w54-x5	W54 · Stack-Based Bytecode VM — Compilin	Cleanly separates the VM's error cases	fns=['harden_w54_5']	       Extends W54. Harden the core implementation so that it unprompted satisfies: Cleanly separates the VM's error cases. Add/adjust code until this is true — do not just claim i
w55-x1	W55 · Generational Arena — Safe, Stale-H	generation is a u32 — what happens after 4 billion insert/remove cycl…	fns=['harden_w55_1']	       Extends W55. Interview follow-up turned into a coding drill for W55: generation is a u32 — what happens after 4 billion insert/remove cycles on the SAME slot index wrap it b
w55-x2	W55 · Generational Arena — Safe, Stale-H	How does this compare to just using Vec> with plain usize indices ins…	fns=['harden_w55_2']	       Extends W55. Interview follow-up turned into a coding drill for W55: How does this compare to just using Vec> with plain usize indices instead of Handle? Extend or revise yo
w55-x3	W55 · Generational Arena — Safe, Stale-H	Where would you actually reach for this pattern over Rc> in a real co…	fns=['harden_w55_3']	       Extends W55. Interview follow-up turned into a coding drill for W55: Where would you actually reach for this pattern over Rc> in a real codebase — what's the concrete trade-
w55-x4	W55 · Generational Arena — Safe, Stale-H	Bumps the generation counter on remove, not on insert	fns=['harden_w55_4']	       Extends W55. Harden the core implementation so that it unprompted satisfies: Bumps the generation counter on remove, not on insert. Add/adjust code until this is true — do n
w55-x5	W55 · Generational Arena — Safe, Stale-H	Threads a free list through the vacant slots themselves	fns=['harden_w55_5']	       Extends W55. Harden the core implementation so that it unprompted satisfies: Threads a free list through the vacant slots themselves. Add/adjust code until this is true — do
w56-x1	W56 · LSM-Tree — Memtable, SSTables, Tom	get() here scans EVERY SSTable in the worst case — how do real LSM en…	fns=['harden_w56_1']	       Extends W56. Interview follow-up turned into a coding drill for W56: get() here scans EVERY SSTable in the worst case — how do real LSM engines (RocksDB, Cassandra) avoid th
w56-x2	W56 · LSM-Tree — Memtable, SSTables, Tom	This design keeps compacting into fewer, bigger tables — what's the a…	fns=['harden_w56_2']	       Extends W56. Interview follow-up turned into a coding drill for W56: This design keeps compacting into fewer, bigger tables — what's the actual trade-off LSM-trees make that
w56-x3	W56 · LSM-Tree — Memtable, SSTables, Tom	Real systems don't just merge ALL sstables into one giant table every…	fns=['harden_w56_3']	       Extends W56. Interview follow-up turned into a coding drill for W56: Real systems don't just merge ALL sstables into one giant table every time — what's 'leveled' vs 'size-t
w56-x4	W56 · LSM-Tree — Memtable, SSTables, Tom	Uses a tombstone marker for deletes, not an actual remova…	fns=['harden_w56_4']	       Extends W56. Harden the core implementation so that it unprompted satisfies: Uses a tombstone marker for deletes, not an actual removal from the memtable. Add/adjust code un
w56-x5	W56 · LSM-Tree — Memtable, SSTables, Tom	Searches SSTables newest-to-oldest and stops at the first…	fns=['harden_w56_5']	       Extends W56. Harden the core implementation so that it unprompted satisfies: Searches SSTables newest-to-oldest and stops at the first match. Add/adjust code until this is t
w57-x1	W57 · Generic Blocking Connection Pool —	wait_timeout can wake up spuriously — does this code correctly handle…	fns=['harden_w57_1']	       Extends W57. Interview follow-up turned into a coding drill for W57: wait_timeout can wake up spuriously — does this code correctly handle a spurious wakeup, and how do you 
w57-x2	W57 · Generic Blocking Connection Pool —	Real connection pools (e.g. for a database) also need periodic health…	fns=['harden_w57_2']	       Extends W57. Interview follow-up turned into a coding drill for W57: Real connection pools (e.g. for a database) also need periodic health-checking of IDLE connections that 
w57-x3	W57 · Generic Blocking Connection Pool —	This pool is synchronous/blocking — what would have to change for an …	fns=['harden_w57_3']	       Extends W57. Interview follow-up turned into a coding drill for W57: This pool is synchronous/blocking — what would have to change for an async version usable inside a tokio
w57-x4	W57 · Generic Blocking Connection Pool —	Blocks on a Condvar rather than busy-polling	fns=['harden_w57_4']	       Extends W57. Harden the core implementation so that it unprompted satisfies: Blocks on a Condvar rather than busy-polling. Add/adjust code until this is true — do not just c
w57-x5	W57 · Generic Blocking Connection Pool —	Makes PooledConn's Drop return the connection automatically	fns=['harden_w57_5']	       Extends W57. Harden the core implementation so that it unprompted satisfies: Makes PooledConn's Drop return the connection automatically. Add/adjust code until this is true 
w58-x1	W58 · Single-Threaded Event Loop — the R	This EventLoop is generic over ONE Pollable type T — a real epoll mul…	fns=['harden_w58_1']	       Extends W58. Interview follow-up turned into a coding drill for W58: This EventLoop is generic over ONE Pollable type T — a real epoll multiplexes sockets, timers, and files
w58-x2	W58 · Single-Threaded Event Loop — the R	is_ready() here is called synchronously and cheaply on every single r…	fns=['harden_w58_2']	       Extends W58. Interview follow-up turned into a coding drill for W58: is_ready() here is called synchronously and cheaply on every single registered source, every single tick
w58-x3	W58 · Single-Threaded Event Loop — the R	What's the actual difference between level-triggered and edge-trigger…	fns=['harden_w58_3']	       Extends W58. Interview follow-up turned into a coding drill for W58: What's the actual difference between level-triggered and edge-triggered epoll, and why would anyone choo
w58-x4	W58 · Single-Threaded Event Loop — the R	Snapshots the ready set into a Vec before dispatching any…	fns=['harden_w58_4']	       Extends W58. Harden the core implementation so that it unprompted satisfies: Snapshots the ready set into a Vec before dispatching any callbacks. Add/adjust code until this 
w58-x5	W58 · Single-Threaded Event Loop — the R	Correctly implements level-triggered semantics with NO sp…	fns=['harden_w58_5']	       Extends W58. Harden the core implementation so that it unprompted satisfies: Correctly implements level-triggered semantics with NO special re-arm logic. Add/adjust code unt
w59-x1	W59 · LRU-K Cache Replacement Policy	Why does the original LRU-K paper bother with K greater than 2 at all…	fns=['harden_w59_1']	       Extends W59. Interview follow-up turned into a coding drill for W59: Why does the original LRU-K paper bother with K greater than 2 at all — what does K=2 already buy you ov
w59-x2	W59 · LRU-K Cache Replacement Policy	The reference implementation scans every page's history on every evic…	fns=['harden_w59_2']	       Extends W59. Interview follow-up turned into a coding drill for W59: The reference implementation scans every page's history on every evict() call — how would you avoid an O
w59-x3	W59 · LRU-K Cache Replacement Policy	LRU-K's original paper also proposes a 'correlated reference period' …	fns=['harden_w59_3']	       Extends W59. Interview follow-up turned into a coding drill for W59: LRU-K's original paper also proposes a 'correlated reference period' — what problem does that solve that
w59-x4	W59 · LRU-K Cache Replacement Policy	Encodes "fewer than K accesses" as a strictly higher-prio…	fns=['harden_w59_4']	       Extends W59. Harden the core implementation so that it unprompted satisfies: Encodes "fewer than K accesses" as a strictly higher-priority category, not a large-but-finite n
w59-x5	W59 · LRU-K Cache Replacement Policy	Correctly identifies the K-th-most-recent access as the o…	fns=['harden_w59_5']	       Extends W59. Harden the core implementation so that it unprompted satisfies: Correctly identifies the K-th-most-recent access as the oldest entry in a K-length window. Add/a
w60-x1	W60 · Adaptive Replacement Cache (ARC) w	Why does ARC need TWO ghost lists instead of just tracking 'recently …	fns=['harden_w60_1']	       Extends W60. Interview follow-up turned into a coding drill for W60: Why does ARC need TWO ghost lists instead of just tracking 'recently evicted keys' as one combined set? 
w60-x2	W60 · Adaptive Replacement Cache (ARC) w	This implementation's arena has O(n) worst-case behavior nowhere in t…	fns=['harden_w60_2']	       Extends W60. Interview follow-up turned into a coding drill for W60: This implementation's arena has O(n) worst-case behavior nowhere in the hot path, but what would you cha
w60-x3	W60 · Adaptive Replacement Cache (ARC) w	ZFS's actual ARC implementation is famous for being tunable in produc…	fns=['harden_w60_3']	       Extends W60. Interview follow-up turned into a coding drill for W60: ZFS's actual ARC implementation is famous for being tunable in production and has additional knobs beyon
w60-x4	W60 · Adaptive Replacement Cache (ARC) w	Computes the B1/B2 adaptation ratio using the ghost list …	fns=['harden_w60_4']	       Extends W60. Harden the core implementation so that it unprompted satisfies: Computes the B1/B2 adaptation ratio using the ghost list sizes at the moment of the hit — includ
w60-x5	W60 · Adaptive Replacement Cache (ARC) w	Never lets the arena's live slot count exceed capacity	fns=['harden_w60_5']	       Extends W60. Harden the core implementation so that it unprompted satisfies: Never lets the arena's live slot count exceed capacity. Add/adjust code until this is true — do 
w61-x1	W61 · Buffer Pool Manager — Pinning, Dir	This solution uses Rc<RefCell<...>> so a PageGuard can call back into…	fns=['harden_w61_1']	       Extends W61. Interview follow-up turned into a coding drill for W61: This solution uses Rc<RefCell<...>> so a PageGuard can call back into the manager on Drop. What breaks i
w61-x2	W61 · Buffer Pool Manager — Pinning, Dir	Real buffer pool managers distinguish a shared (read) pin from an exc…	fns=['harden_w61_2']	       Extends W61. Interview follow-up turned into a coding drill for W61: Real buffer pool managers distinguish a shared (read) pin from an exclusive (write) pin — why does this 
w61-x3	W61 · Buffer Pool Manager — Pinning, Dir	You chose clock/second-chance for victim selection. What would change…	fns=['harden_w61_3']	       Extends W61. Interview follow-up turned into a coding drill for W61: You chose clock/second-chance for victim selection. What would change if you used LRU-K (from an earlier
w61-x4	W61 · Buffer Pool Manager — Pinning, Dir	Treats pin_count > 0 as an absolute veto on eviction, che…	fns=['harden_w61_4']	       Extends W61. Harden the core implementation so that it unprompted satisfies: Treats pin_count > 0 as an absolute veto on eviction, checked first, before any recency/frequenc
w61-x5	W61 · Buffer Pool Manager — Pinning, Dir	Flushes a dirty victim to the mock disk manager before ov…	fns=['harden_w61_5']	       Extends W61. Harden the core implementation so that it unprompted satisfies: Flushes a dirty victim to the mock disk manager before overwriting its frame. Add/adjust code un
w62-x1	W62 · Cost-Based Join Order Optimizer — 	This DP is O(3^N) in the number of tables — real queries can have doz…	fns=['harden_w62_1']	       Extends W62. Interview follow-up turned into a coding drill for W62: This DP is O(3^N) in the number of tables — real queries can have dozens of tables. How do production op
w62-x2	W62 · Cost-Based Join Order Optimizer — 	Where would real selectivity estimates actually come from, and what h…	fns=['harden_w62_2']	       Extends W62. Interview follow-up turned into a coding drill for W62: Where would real selectivity estimates actually come from, and what happens when the independence assump
w62-x3	W62 · Cost-Based Join Order Optimizer — 	This DP's cost model is pure row-count. What's missing to make it a r…	fns=['harden_w62_3']	       Extends W62. Interview follow-up turned into a coding drill for W62: This DP's cost model is pure row-count. What's missing to make it a real query optimizer's cost model? E
w62-x4	W62 · Cost-Based Join Order Optimizer — 	Distinguishes a subset's output cardinality from its cumu…	fns=['harden_w62_4']	       Extends W62. Harden the core implementation so that it unprompted satisfies: Distinguishes a subset's output cardinality from its cumulative cost, and compares the right one
w62-x5	W62 · Cost-Based Join Order Optimizer — 	Enforces the "must have a real predicate to combine two s…	fns=['harden_w62_5']	       Extends W62. Harden the core implementation so that it unprompted satisfies: Enforces the "must have a real predicate to combine two subsets" rule as a hard gate. Add/adjust
w63-x1	W63 · Hand-Rolled SQL Parser — SELECT / 	Real SQL also has NOT, IN, BETWEEN, and IS NULL. Where would each fit…	fns=['harden_w63_1']	       Extends W63. Interview follow-up turned into a coding drill for W63: Real SQL also has NOT, IN, BETWEEN, and IS NULL. Where would each fit into this grammar's precedence hie
w63-x2	W63 · Hand-Rolled SQL Parser — SELECT / 	This parser rejects a query the instant it hits one error. A real SQL…	fns=['harden_w63_2']	       Extends W63. Interview follow-up turned into a coding drill for W63: This parser rejects a query the instant it hits one error. A real SQL client or IDE often wants to repor
w63-x3	W63 · Hand-Rolled SQL Parser — SELECT / 	This grammar hard-codes exactly one optional JOIN. How would you exte…	fns=['harden_w63_3']	       Extends W63. Interview follow-up turned into a coding drill for W63: This grammar hard-codes exactly one optional JOIN. How would you extend it to support an arbitrary chain
w63-x4	W63 · Hand-Rolled SQL Parser — SELECT / 	Structures the grammar itself so AND binds tighter than OR	fns=['harden_w63_4']	       Extends W63. Harden the core implementation so that it unprompted satisfies: Structures the grammar itself so AND binds tighter than OR. Add/adjust code until this is true —
w63-x5	W63 · Hand-Rolled SQL Parser — SELECT / 	Produces genuinely useful, position-aware error messages	fns=['harden_w63_5']	       Extends W63. Harden the core implementation so that it unprompted satisfies: Produces genuinely useful, position-aware error messages. Add/adjust code until this is true — d
w64-x1	W64 · K-Way External Merge Sort — Binary	In a real database or file-based external sort, each 'run' is actuall…	fns=['harden_w64_1']	       Extends W64. Interview follow-up turned into a coding drill for W64: In a real database or file-based external sort, each 'run' is actually a temp file on disk. What changes
w64-x2	W64 · K-Way External Merge Sort — Binary	This assumes each run already fits comfortably as an in-memory Vec. W…	fns=['harden_w64_2']	       Extends W64. Interview follow-up turned into a coding drill for W64: This assumes each run already fits comfortably as an in-memory Vec. What if a single run itself is too l
w64-x3	W64 · K-Way External Merge Sort — Binary	Why would total heap_pops always exactly equal N, the total number of…	fns=['harden_w64_3']	       Extends W64. Interview follow-up turned into a coding drill for W64: Why would total heap_pops always exactly equal N, the total number of elements across all runs — and wha
w64-x4	W64 · K-Way External Merge Sort — Binary	Reaches for a heap holding one candidate per run, not "co…	fns=['harden_w64_4']	       Extends W64. Harden the core implementation so that it unprompted satisfies: Reaches for a heap holding one candidate per run, not "concatenate then sort". Add/adjust code u
w64-x5	W64 · K-Way External Merge Sort — Binary	Actually instruments and asserts max_heap_size <= K	fns=['harden_w64_5']	       Extends W64. Harden the core implementation so that it unprompted satisfies: Actually instruments and asserts max_heap_size <= K. Add/adjust code until this is true — do not
w65-x1	W65 · Pratt Parser — Operator-Precedence	How would you add a ternary `a ? b : c` operator to this parser witho…	fns=['harden_w65_1']	       Extends W65. Interview follow-up turned into a coding drill for W65: How would you add a ternary `a ? b : c` operator to this parser without restructuring the loop? Extend o
w65-x2	W65 · Pratt Parser — Operator-Precedence	Real production Pratt parsers (like rustc's) don't return values with…	fns=['harden_w65_2']	       Extends W65. Interview follow-up turned into a coding drill for W65: Real production Pratt parsers (like rustc's) don't return values with 0-min_bp calls scattered everywher
w65-x3	W65 · Pratt Parser — Operator-Precedence	This parser panics on malformed input. What's the minimal change to m…	fns=['harden_w65_3']	       Extends W65. Interview follow-up turned into a coding drill for W65: This parser panics on malformed input. What's the minimal change to make it return `Result` instead, and
w65-x4	W65 · Pratt Parser — Operator-Precedence	Implements binding power as data (a function returning a …	fns=['harden_w65_4']	       Extends W65. Harden the core implementation so that it unprompted satisfies: Implements binding power as data (a function returning a tuple), not as control flow. Add/adjust
w65-x5	W65 · Pratt Parser — Operator-Precedence	Gets right-associativity via an asymmetric (left_bp, righ…	fns=['harden_w65_5']	       Extends W65. Harden the core implementation so that it unprompted satisfies: Gets right-associativity via an asymmetric (left_bp, right_bp) pair. Add/adjust code until this 
w66-x1	W66 · ACID Transactions via MVCC Snapsho	Snapshot isolation is famous for still allowing one specific anomaly …	fns=['harden_w66_1']	       Extends W66. Interview follow-up turned into a coding drill for W66: Snapshot isolation is famous for still allowing one specific anomaly that serializability forbids — what
w66-x2	W66 · ACID Transactions via MVCC Snapsho	This version chain grows forever — how would a real MVCC database lik…	fns=['harden_w66_2']	       Extends W66. Interview follow-up turned into a coding drill for W66: This version chain grows forever — how would a real MVCC database like Postgres reclaim space from old v
w66-x3	W66 · ACID Transactions via MVCC Snapsho	Right now conflict detection scans the whole version chain per touche…	fns=['harden_w66_3']	       Extends W66. Interview follow-up turned into a coding drill for W66: Right now conflict detection scans the whole version chain per touched key at commit time — how would th
w66-x4	W66 · ACID Transactions via MVCC Snapsho	Freezes the snapshot at BEGIN, not at first read	fns=['harden_w66_4']	       Extends W66. Harden the core implementation so that it unprompted satisfies: Freezes the snapshot at BEGIN, not at first read. Add/adjust code until this is true — do not ju
w66-x5	W66 · ACID Transactions via MVCC Snapsho	Checks visibility on the version's CREATOR independently …	fns=['harden_w66_5']	       Extends W66. Harden the core implementation so that it unprompted satisfies: Checks visibility on the version's CREATOR independently from its DELETER. Add/adjust code until
w67-x1	W67 · ARIES-Style Crash Recovery — Analy	This recovery scans the ENTIRE log from the beginning during Analysis…	fns=['harden_w67_1']	       Extends W67. Interview follow-up turned into a coding drill for W67: This recovery scans the ENTIRE log from the beginning during Analysis — how does a checkpoint let a real
w67-x2	W67 · ARIES-Style Crash Recovery — Analy	Why does ARIES insist on redoing history before undoing anything, ins…	fns=['harden_w67_2']	       Extends W67. Interview follow-up turned into a coding drill for W67: Why does ARIES insist on redoing history before undoing anything, instead of just undoing uncommitted tr
w67-x3	W67 · ARIES-Style Crash Recovery — Analy	How would you extend the dirty-page table concept to avoid flushing e…	fns=['harden_w67_3']	       Extends W67. Interview follow-up turned into a coding drill for W67: How would you extend the dirty-page table concept to avoid flushing every page on every commit, while st
w67-x4	W67 · ARIES-Style Crash Recovery — Analy	Redoes a doomed transaction's updates anyway	fns=['harden_w67_4']	       Extends W67. Harden the core implementation so that it unprompted satisfies: Redoes a doomed transaction's updates anyway. Add/adjust code until this is true — do not just c
w67-x5	W67 · ARIES-Style Crash Recovery — Analy	Writes a CLR for every undone action	fns=['harden_w67_5']	       Extends W67. Harden the core implementation so that it unprompted satisfies: Writes a CLR for every undone action. Add/adjust code until this is true — do not just claim it 
w68-x1	W68 · Copy-on-Write Persistent B-Tree — 	This is single-threaded — what breaks if two threads call insert() on…	fns=['harden_w68_1']	       Extends W68. Interview follow-up turned into a coding drill for W68: This is single-threaded — what breaks if two threads call insert() on the SAME root handle concurrently,
w68-x2	W68 · Copy-on-Write Persistent B-Tree — 	Real systems like LMDB don't keep every historical root forever — how…	fns=['harden_w68_2']	       Extends W68. Interview follow-up turned into a coding drill for W68: Real systems like LMDB don't keep every historical root forever — how would you let old versions eventua
w68-x3	W68 · Copy-on-Write Persistent B-Tree — 	This B-tree only grows — how would you implement a persistent DELETE …	fns=['harden_w68_3']	       Extends W68. Interview follow-up turned into a coding drill for W68: This B-tree only grows — how would you implement a persistent DELETE while preserving the same sharing g
w68-x4	W68 · Copy-on-Write Persistent B-Tree — 	Clones the children Vec<Rc<Node>>, not the nodes it contains	fns=['harden_w68_4']	       Extends W68. Harden the core implementation so that it unprompted satisfies: Clones the children Vec<Rc<Node>>, not the nodes it contains. Add/adjust code until this is true
w68-x5	W68 · Copy-on-Write Persistent B-Tree — 	Never calls Rc::get_mut / Rc::make_mut to "sneak" a mutat…	fns=['harden_w68_5']	       Extends W68. Harden the core implementation so that it unprompted satisfies: Never calls Rc::get_mut / Rc::make_mut to "sneak" a mutation into a node. Add/adjust code until 
w69-x1	W69 · Custom RwLock From Scratch — Atomi	Your writer-preferring design can now starve READERS instead, under a…	fns=['harden_w69_1']	       Extends W69. Interview follow-up turned into a coding drill for W69: Your writer-preferring design can now starve READERS instead, under a continuous stream of writers — is 
w69-x2	W69 · Custom RwLock From Scratch — Atomi	Why does a plain `AtomicUsize` reader-count with compare-and-swap loo…	fns=['harden_w69_2']	       Extends W69. Interview follow-up turned into a coding drill for W69: Why does a plain `AtomicUsize` reader-count with compare-and-swap loops not suffice here, and why did we
w69-x3	W69 · Custom RwLock From Scratch — Atomi	What happens to this RwLock if a thread panics while holding a WriteG…	fns=['harden_w69_3']	       Extends W69. Interview follow-up turned into a coding drill for W69: What happens to this RwLock if a thread panics while holding a WriteGuard? Extend or revise your W69 sol
w69-x4	W69 · Custom RwLock From Scratch — Atomi	Checks writers_waiting > 0 in the reader's admission cond…	fns=['harden_w69_4']	       Extends W69. Harden the core implementation so that it unprompted satisfies: Checks writers_waiting > 0 in the reader's admission condition. Add/adjust code until this is tr
w69-x5	W69 · Custom RwLock From Scratch — Atomi	Increments writers_waiting BEFORE blocking	fns=['harden_w69_5']	       Extends W69. Harden the core implementation so that it unprompted satisfies: Increments writers_waiting BEFORE blocking. Add/adjust code until this is true — do not just cla
w70-x1	W70 · Fork-Join Parallel Merge Sort with	Before `thread::scope` was stabilized in Rust 1.63, how would you hav…	fns=['harden_w70_1']	       Extends W70. Interview follow-up turned into a coding drill for W70: Before `thread::scope` was stabilized in Rust 1.63, how would you have written safe parallel recursion o
w70-x2	W70 · Fork-Join Parallel Merge Sort with	This spawns a fresh thread at every level of recursion above the thre…	fns=['harden_w70_2']	       Extends W70. Interview follow-up turned into a coding drill for W70: This spawns a fresh thread at every level of recursion above the threshold — for very large inputs, coul
w70-x3	W70 · Fork-Join Parallel Merge Sort with	Why is `sort_unstable` an acceptable fallback here instead of a stabl…	fns=['harden_w70_3']	       Extends W70. Interview follow-up turned into a coding drill for W70: Why is `sort_unstable` an acceptable fallback here instead of a stable sort, given merge sort is normall
w70-x4	W70 · Fork-Join Parallel Merge Sort with	Reaches for thread::scope + split_at_mut instead of Arc<M…	fns=['harden_w70_4']	       Extends W70. Harden the core implementation so that it unprompted satisfies: Reaches for thread::scope + split_at_mut instead of Arc<Mutex<Vec<T>>>. Add/adjust code until th
w70-x5	W70 · Fork-Join Parallel Merge Sort with	Has an actual sequential fallback threshold	fns=['harden_w70_5']	       Extends W70. Harden the core implementation so that it unprompted satisfies: Has an actual sequential fallback threshold. Add/adjust code until this is true — do not just cl
w71-x1	W71 · Hand-Rolled Future + Waker — a Man	What's actually inside a `std::task::Waker`, mechanically, and why do…	fns=['harden_w71_1']	       Extends W71. Interview follow-up turned into a coding drill for W71: What's actually inside a `std::task::Waker`, mechanically, and why does `Context` even need to exist as 
w71-x2	W71 · Hand-Rolled Future + Waker — a Man	This Timer spawns a brand-new OS thread per timer — real async runtim…	fns=['harden_w71_2']	       Extends W71. Interview follow-up turned into a coding drill for W71: This Timer spawns a brand-new OS thread per timer — real async runtimes obviously don't do that for pote
w71-x3	W71 · Hand-Rolled Future + Waker — a Man	Is there a race between the background thread checking `completed`/ca…	fns=['harden_w71_3']	       Extends W71. Interview follow-up turned into a coding drill for W71: Is there a race between the background thread checking `completed`/calling `wake()` and the polling thre
w71-x4	W71 · Hand-Rolled Future + Waker — a Man	Stores cx	fns=['harden_w71_4']	       Extends W71. Harden the core implementation so that it unprompted satisfies: Stores cx.waker().clone() — not the Context itself and not a raw reference. Add/adjust code unti
w71-x5	W71 · Hand-Rolled Future + Waker — a Man	Parks the executor thread instead of busy-spinning on `po…	fns=['harden_w71_5']	       Extends W71. Harden the core implementation so that it unprompted satisfies: Parks the executor thread instead of busy-spinning on `poll()`. Add/adjust code until this is tr
w72-x1	W72 · Pin Deep-Dive — Why a Self-Referen	Most Rust code that handles futures never writes `unsafe`, `get_unche…	fns=['harden_w72_1']	       Extends W72. Interview follow-up turned into a coding drill for W72: Most Rust code that handles futures never writes `unsafe`, `get_unchecked_mut`, or `PhantomPinned` at al
w72-x2	W72 · Pin Deep-Dive — Why a Self-Referen	Could you have avoided all of this `unsafe`/`Pin` machinery by just s…	fns=['harden_w72_2']	       Extends W72. Interview follow-up turned into a coding drill for W72: Could you have avoided all of this `unsafe`/`Pin` machinery by just storing an `Option<usize>` OFFSET in
w72-x3	W72 · Pin Deep-Dive — Why a Self-Referen	If `SelfRef` did NOT have `PhantomPinned` and did NOT opt out of `Unp…	fns=['harden_w72_3']	       Extends W72. Interview follow-up turned into a coding drill for W72: If `SelfRef` did NOT have `PhantomPinned` and did NOT opt out of `Unpin`, but you still wrote the same u
w72-x4	W72 · Pin Deep-Dive — Why a Self-Referen	Knows the self-reference points at the String` field's ow…	fns=['harden_w72_4']	       Extends W72. Harden the core implementation so that it unprompted satisfies: Knows the self-reference points at the String` field's own storage address, not at its heap byte
w72-x5	W72 · Pin Deep-Dive — Why a Self-Referen	Never dereferences the stale pointer to "prove" it's dang…	fns=['harden_w72_5']	       Extends W72. Harden the core implementation so that it unprompted satisfies: Never dereferences the stale pointer to "prove" it's dangling. Add/adjust code until this is tru
w73-x1	W73 · Manually Desugaring "Async Trait M	Native async fn in traits is stable now — why can't it just replace t…	fns=['in', 'harden_w73_1']	       Extends W73. Interview follow-up turned into a coding drill for W73: Native async fn in traits is stable now — why can't it just replace this pattern entirely? Extend or rev
w73-x2	W73 · Manually Desugaring "Async Trait M	This boxes a brand-new future on every single call to fetch() — what'…	fns=['harden_w73_2']	       Extends W73. Interview follow-up turned into a coding drill for W73: This boxes a brand-new future on every single call to fetch() — what's the actual runtime cost, and is t
w73-x3	W73 · Manually Desugaring "Async Trait M	What if two different implementors capture wildly different amounts o…	fns=['harden_w73_3']	       Extends W73. Interview follow-up turned into a coding drill for W73: What if two different implementors capture wildly different amounts of state in their futures — does thi
w73-x4	W73 · Manually Desugaring "Async Trait M	Returns Pin<Box<dyn Future<Output = String> + Send + '_>>…	fns=['harden_w73_4']	       Extends W73. Harden the core implementation so that it unprompted satisfies: Returns Pin<Box<dyn Future<Output = String> + Send + '_>> from the trait method. Add/adjust code
w73-x5	W73 · Manually Desugaring "Async Trait M	Actually calls the method through &dyn AsyncFetcher	fns=['harden_w73_5']	       Extends W73. Harden the core implementation so that it unprompted satisfies: Actually calls the method through &dyn AsyncFetcher. Add/adjust code until this is true — do not
w74-x1	W74 · Tokio Structured Concurrency — sel	What if the guarded resource ALSO needs an async cleanup step, like n…	fns=['harden_w74_1']	       Extends W74. Interview follow-up turned into a coding drill for W74: What if the guarded resource ALSO needs an async cleanup step, like notifying another task — can Drop st
w74-x2	W74 · Tokio Structured Concurrency — sel	Is every tokio operation cancellation-safe just because it's inside s…	fns=['harden_w74_2']	       Extends W74. Interview follow-up turned into a coding drill for W74: Is every tokio operation cancellation-safe just because it's inside select!, the way sleep and oneshot::
w74-x3	W74 · Tokio Structured Concurrency — sel	This example uses one Drop guard for one simple counter — what makes …	fns=['harden_w74_3']	       Extends W74. Interview follow-up turned into a coding drill for W74: This example uses one Drop guard for one simple counter — what makes cancellation safety genuinely hard 
w74-x4	W74 · Tokio Structured Concurrency — sel	Uses a Drop impl (RAII guard) to decrement the shared cou…	fns=['harden_w74_4']	       Extends W74. Harden the core implementation so that it unprompted satisfies: Uses a Drop impl (RAII guard) to decrement the shared counter. Add/adjust code until this is tru
w74-x5	W74 · Tokio Structured Concurrency — sel	Deliberately writes AND tests a broken/contrasting version	fns=['harden_w74_5']	       Extends W74. Harden the core implementation so that it unprompted satisfies: Deliberately writes AND tests a broken/contrasting version. Add/adjust code until this is true —
w75-x1	W75 · Tokio mpsc Pipeline — Backpressure	What happens to already-buffered items if a stage was killed via Join…	fns=['harden_w75_1']	       Extends W75. Interview follow-up turned into a coding drill for W75: What happens to already-buffered items if a stage was killed via JoinHandle::abort() instead of allowed 
w75-x2	W75 · Tokio mpsc Pipeline — Backpressure	Could a stage blocked on send().await while waiting for downstream ba…	fns=['harden_w75_2']	       Extends W75. Interview follow-up turned into a coding drill for W75: Could a stage blocked on send().await while waiting for downstream backpressure ever deadlock this pipel
w75-x3	W75 · Tokio mpsc Pipeline — Backpressure	How would you bound MEMORY, not just item count, if items were large …	fns=['harden_w75_3']	       Extends W75. Interview follow-up turned into a coding drill for W75: How would you bound MEMORY, not just item count, if items were large or arrived in unpredictable bursts?
w75-x4	W75 · Tokio mpsc Pipeline — Backpressure	Uses BOUNDED mpsc channels	fns=['harden_w75_4']	       Extends W75. Harden the core implementation so that it unprompted satisfies: Uses BOUNDED mpsc channels. Add/adjust code until this is true — do not just claim it in comment
w75-x5	W75 · Tokio mpsc Pipeline — Backpressure	Implements shutdown purely via channel-closing	fns=['harden_w75_5']	       Extends W75. Harden the core implementation so that it unprompted satisfies: Implements shutdown purely via channel-closing. Add/adjust code until this is true — do not just
w76-x1	W76 · Async Mutex vs std Mutex — the Cro	Is tokio::sync::Mutex strictly better for async code in general, so s…	fns=['harden_w76_1']	       Extends W76. Interview follow-up turned into a coding drill for W76: Is tokio::sync::Mutex strictly better for async code in general, so should you just always use it? Exten
w76-x2	W76 · Async Mutex vs std Mutex — the Cro	Does std Mutex's blocking behavior actually matter inside an async ru…	fns=['harden_w76_2']	       Extends W76. Interview follow-up turned into a coding drill for W76: Does std Mutex's blocking behavior actually matter inside an async runtime, beyond just 'compiling or no
w76-x3	W76 · Async Mutex vs std Mutex — the Cro	This exercise's std Mutex critical sections are tiny — what's the act…	fns=['harden_w76_3']	       Extends W76. Interview follow-up turned into a coding drill for W76: This exercise's std Mutex critical sections are tiny — what's the actual rule of thumb for when blocking
w76-x4	W76 · Async Mutex vs std Mutex — the Cro	Correctly identifies that the compile-time issue is the e…	fns=['harden_w76_4']	       Extends W76. Harden the core implementation so that it unprompted satisfies: Correctly identifies that the compile-time issue is the enclosing FUTURE losing its Send bound. 
w76-x5	W76 · Async Mutex vs std Mutex — the Cro	Structures the std Mutex version to scope-drop its guard …	fns=['harden_w76_5']	       Extends W76. Harden the core implementation so that it unprompted satisfies: Structures the std Mutex version to scope-drop its guard before the await and re-acquire afterwa
w77-x1	W77 · Memory Ordering Deep-Dive — Acquir	Where does SeqCst fit relative to Acquire/Release, and when would you…	fns=['harden_w77_1']	       Extends W77. Interview follow-up turned into a coding drill for W77: Where does SeqCst fit relative to Acquire/Release, and when would you actually reach for it over the pai
w77-x2	W77 · Memory Ordering Deep-Dive — Acquir	Why does compare_exchange take TWO orderings — one for success, one f…	fns=['harden_w77_2']	       Extends W77. Interview follow-up turned into a coding drill for W77: Why does compare_exchange take TWO orderings — one for success, one for failure — and what should the fa
w77-x3	W77 · Memory Ordering Deep-Dive — Acquir	This spinlock busy-waits with spin_loop() — in a real system, when is…	fns=['harden_w77_3']	       Extends W77. Interview follow-up turned into a coding drill for W77: This spinlock busy-waits with spin_loop() — in a real system, when is that actually the right choice ove
w77-x4	W77 · Memory Ordering Deep-Dive — Acquir	Names the actual failure mode of the Relaxed spinlock pre…	fns=['harden_w77_4']	       Extends W77. Harden the core implementation so that it unprompted satisfies: Names the actual failure mode of the Relaxed spinlock precisely. Add/adjust code until this is t
w77-x5	W77 · Memory Ordering Deep-Dive — Acquir	Explains WHY Release must go on the write side and Acquir…	fns=['harden_w77_5']	       Extends W77. Harden the core implementation so that it unprompted satisfies: Explains WHY Release must go on the write side and Acquire on the read side, not just that they'
w78-x1	W78 · G-Counter and PN-Counter CRDTs — S	What happens to this design as the number of nodes grows into the tho…	fns=['harden_w78_1']	       Extends W78. Interview follow-up turned into a coding drill for W78: What happens to this design as the number of nodes grows into the thousands, and does it ever ship over 
w78-x2	W78 · G-Counter and PN-Counter CRDTs — S	This is a state-based CRDT (you ship the whole counter and merge). Wh…	fns=['harden_w78_2']	       Extends W78. Interview follow-up turned into a coding drill for W78: This is a state-based CRDT (you ship the whole counter and merge). What's the alternative, and why might
w78-x3	W78 · G-Counter and PN-Counter CRDTs — S	Could you build a G-Set (grow-only set) or a counter that supports 's…	fns=['harden_w78_3']	       Extends W78. Interview follow-up turned into a coding drill for W78: Could you build a G-Set (grow-only set) or a counter that supports 'set to exact value' using the same m
w78-x4	W78 · G-Counter and PN-Counter CRDTs — S	Merges with element-wise max, not sum	fns=['harden_w78_4']	       Extends W78. Harden the core implementation so that it unprompted satisfies: Merges with element-wise max, not sum. Add/adjust code until this is true — do not just claim it
w78-x5	W78 · G-Counter and PN-Counter CRDTs — S	Enforces (or at least states out loud) that a node only e…	fns=['harden_w78_5']	       Extends W78. Harden the core implementation so that it unprompted satisfies: Enforces (or at least states out loud) that a node only ever increments its OWN slot. Add/adjust
w79-x1	W79 · OR-Set CRDT — Observed-Remove Set,	Why 'add-wins' specifically — couldn't you just as validly design a '…	fns=['harden_w79_1']	       Extends W79. Interview follow-up turned into a coding drill for W79: Why 'add-wins' specifically — couldn't you just as validly design a 'remove-wins' OR-Set instead, where 
w79-x2	W79 · OR-Set CRDT — Observed-Remove Set,	The removed/tombstone set only ever grows in this implementation — ho…	fns=['harden_w79_2']	       Extends W79. Interview follow-up turned into a coding drill for W79: The removed/tombstone set only ever grows in this implementation — how would a real system garbage-colle
w79-x3	W79 · OR-Set CRDT — Observed-Remove Set,	Compare this OR-Set's memory/complexity cost to the G-Counter from th…	fns=['harden_w79_3']	       Extends W79. Interview follow-up turned into a coding drill for W79: Compare this OR-Set's memory/complexity cost to the G-Counter from the previous exercise — why does corr
w79-x4	W79 · OR-Set CRDT — Observed-Remove Set,	Understands WHY a naive "one added-set + one removed-set …	fns=['harden_w79_4']	       Extends W79. Harden the core implementation so that it unprompted satisfies: Understands WHY a naive "one added-set + one removed-set of bare elements" design fails. Add/adj
w79-x5	W79 · OR-Set CRDT — Observed-Remove Set,	Implements remove as "tombstone only tags I've already ob…	fns=['harden_w79_5']	       Extends W79. Harden the core implementation so that it unprompted satisfies: Implements remove as "tombstone only tags I've already observed". Add/adjust code until this is 
w80-x1	W80 · Vector Clocks for Causality Tracki	What's the actual practical problem with vector clocks that keeps rea…	fns=['harden_w80_1']	       Extends W80. Interview follow-up turned into a coding drill for W80: What's the actual practical problem with vector clocks that keeps real systems from just using them ever
w80-x2	W80 · Vector Clocks for Causality Tracki	If compare returns Concurrent for two writes to the same key, what do…	fns=['harden_w80_2']	       Extends W80. Interview follow-up turned into a coding drill for W80: If compare returns Concurrent for two writes to the same key, what does the SYSTEM do with that informat
w80-x3	W80 · Vector Clocks for Causality Tracki	How would you adapt this so a NEW node can join the cluster after som…	fns=['harden_w80_3']	       Extends W80. Interview follow-up turned into a coding drill for W80: How would you adapt this so a NEW node can join the cluster after some events have already happened, wit
w80-x4	W80 · Vector Clocks for Causality Tracki	Increments after merging, not before or never	fns=['harden_w80_4']	       Extends W80. Harden the core implementation so that it unprompted satisfies: Increments after merging, not before or never. Add/adjust code until this is true — do not just 
w80-x5	W80 · Vector Clocks for Causality Tracki	Correctly produces Concurrent instead of silently picking…	fns=['harden_w80_5']	       Extends W80. Harden the core implementation so that it unprompted satisfies: Correctly produces Concurrent instead of silently picking a side. Add/adjust code until this is 
w81-x1	W81 · Gossip / Anti-Entropy Protocol for	How does the number of gossip rounds needed to reach full convergence…	fns=['harden_w81_1']	       Extends W81. Interview follow-up turned into a coding drill for W81: How does the number of gossip rounds needed to reach full convergence scale with the number of nodes N, 
w81-x2	W81 · Gossip / Anti-Entropy Protocol for	Real gossip protocols (e.g. Cassandra's, SWIM) also gossip FAILURE DE…	fns=['harden_w81_2']	       Extends W81. Interview follow-up turned into a coding drill for W81: Real gossip protocols (e.g. Cassandra's, SWIM) also gossip FAILURE DETECTION, not just data — how would 
w81-x3	W81 · Gossip / Anti-Entropy Protocol for	This exchanges the ENTIRE state map every round — what breaks as the …	fns=['harden_w81_3']	       Extends W81. Interview follow-up turned into a coding drill for W81: This exchanges the ENTIRE state map every round — what breaks as the dataset grows to millions of keys, 
w81-x4	W81 · Gossip / Anti-Entropy Protocol for	Implements a genuine PUSH-PULL round-trip, not a one-way …	fns=['harden_w81_4']	       Extends W81. Harden the core implementation so that it unprompted satisfies: Implements a genuine PUSH-PULL round-trip, not a one-way push. Add/adjust code until this is tru
w81-x5	W81 · Gossip / Anti-Entropy Protocol for	Restricts each node to a genuinely limited peer set	fns=['harden_w81_5']	       Extends W81. Harden the core implementation so that it unprompted satisfies: Restricts each node to a genuinely limited peer set. Add/adjust code until this is true — do not
w82-x1	W82 · Simplified Raft Leader Election	This only implements leader election — what's the next thing you'd ne…	fns=['harden_w82_1']	       Extends W82. Interview follow-up turned into a coding drill for W82: This only implements leader election — what's the next thing you'd need to add to make this a usable rep
w82-x2	W82 · Simplified Raft Leader Election	Two nodes both become candidates in the same term and neither gets a …	fns=['harden_w82_2']	       Extends W82. Interview follow-up turned into a coding drill for W82: Two nodes both become candidates in the same term and neither gets a majority — what happens, concretely
w82-x3	W82 · Simplified Raft Leader Election	Why does a candidate vote for itself IMMEDIATELY rather than waiting …	fns=['harden_w82_3']	       Extends W82. Interview follow-up turned into a coding drill for W82: Why does a candidate vote for itself IMMEDIATELY rather than waiting to see if anyone else's RequestVote
w82-x4	W82 · Simplified Raft Leader Election	Actually randomizes the election timeout PER NODE	fns=['harden_w82_4']	       Extends W82. Harden the core implementation so that it unprompted satisfies: Actually randomizes the election timeout PER NODE. Add/adjust code until this is true — do not j
w82-x5	W82 · Simplified Raft Leader Election	Resets voted_for exactly when the term changes, and ONLY …	fns=['harden_w82_5']	       Extends W82. Harden the core implementation so that it unprompted satisfies: Resets voted_for exactly when the term changes, and ONLY then. Add/adjust code until this is tru
w83-x1	W83 · Dynamo-Style Quorum Read/Write (N/	You're using a bare version number for conflict resolution — what's t…	fns=['harden_w83_1']	       Extends W83. Interview follow-up turned into a coding drill for W83: You're using a bare version number for conflict resolution — what's the problem with that in a real mult
w83-x2	W83 · Dynamo-Style Quorum Read/Write (N/	Read repair fixes staleness only for keys that happen to get READ — w…	fns=['harden_w83_2']	       Extends W83. Interview follow-up turned into a coding drill for W83: Read repair fixes staleness only for keys that happen to get READ — what fixes replicas that just silent
w83-x3	W83 · Dynamo-Style Quorum Read/Write (N/	What consistency level would you pick for W and R if you wanted STRON…	fns=['harden_w83_3']	       Extends W83. Interview follow-up turned into a coding drill for W83: What consistency level would you pick for W and R if you wanted STRONG consistency instead of just read-
w83-x4	W83 · Dynamo-Style Quorum Read/Write (N/	Decides the full write (or read) set BEFORE mutating anyt…	fns=['harden_w83_4']	       Extends W83. Harden the core implementation so that it unprompted satisfies: Decides the full write (or read) set BEFORE mutating anything. Add/adjust code until this is tru
w83-x5	W83 · Dynamo-Style Quorum Read/Write (N/	Picks the winning value by comparing the VERSION of respo…	fns=['harden_w83_5']	       Extends W83. Harden the core implementation so that it unprompted satisfies: Picks the winning value by comparing the VERSION of responses actually received. Add/adjust code
w84-x1	W84 · Snowflake ID Generator	What breaks if two workers share a worker_id?	fns=['harden_w84_1']	       Extends W84. Interview follow-up turned into a coding drill for W84: What breaks if two workers share a worker_id? Extend or revise your W84 solution to answer this with wor
w84-x2	W84 · Snowflake ID Generator	Why not use UUID v4?	fns=['harden_w84_2']	       Extends W84. Interview follow-up turned into a coding drill for W84: Why not use UUID v4? Extend or revise your W84 solution to answer this with working API/code — not only 
w84-x3	W84 · Snowflake ID Generator	How would you make this lock-free under concurrency?	fns=['harden_w84_3']	       Extends W84. Interview follow-up turned into a coding drill for W84: How would you make this lock-free under concurrency? Extend or revise your W84 solution to answer this w
w84-x4	W84 · Snowflake ID Generator	Injects the clock	fns=['harden_w84_4']	       Extends W84. Harden the core implementation so that it unprompted satisfies: Injects the clock. Add/adjust code until this is true — do not just claim it in comments.       
w84-x5	W84 · Snowflake ID Generator	Caps sequence at 12 bits	fns=['harden_w84_5']	       Extends W84. Harden the core implementation so that it unprompted satisfies: Caps sequence at 12 bits. Add/adjust code until this is true — do not just claim it in comments.
w85-x1	W85 · Consistent Hashing Ring	How many vnodes?	fns=['harden_w85_1']	       Extends W85. Interview follow-up turned into a coding drill for W85: How many vnodes? Extend or revise your W85 solution to answer this with working API/code — not only pros
w85-x2	W85 · Consistent Hashing Ring	What about hot keys?	fns=['harden_w85_2']	       Extends W85. Interview follow-up turned into a coding drill for W85: What about hot keys? Extend or revise your W85 solution to answer this with working API/code — not only 
w85-x3	W85 · Consistent Hashing Ring	Replication?	fns=['harden_w85_3']	       Extends W85. Interview follow-up turned into a coding drill for W85: Replication? Extend or revise your W85 solution to answer this with working API/code — not only prose.  
w85-x4	W85 · Consistent Hashing Ring	Virtual nodes	fns=['harden_w85_4']	       Extends W85. Harden the core implementation so that it unprompted satisfies: Virtual nodes. Add/adjust code until this is true — do not just claim it in comments.        Why
w85-x5	W85 · Consistent Hashing Ring	Proves minimal remapping	fns=['harden_w85_5']	       Extends W85. Harden the core implementation so that it unprompted satisfies: Proves minimal remapping. Add/adjust code until this is true — do not just claim it in comments.
w86-x1	W86 · Fencing-Token Lease	Why is TTL alone insufficient?	fns=['harden_w86_1']	       Extends W86. Interview follow-up turned into a coding drill for W86: Why is TTL alone insufficient? Extend or revise your W86 solution to answer this with working API/code —
w86-x2	W86 · Fencing-Token Lease	Where must the fence be checked?	fns=['harden_w86_2']	       Extends W86. Interview follow-up turned into a coding drill for W86: Where must the fence be checked? Extend or revise your W86 solution to answer this with working API/code
w86-x3	W86 · Fencing-Token Lease	Clock sync?	fns=['harden_w86_3']	       Extends W86. Interview follow-up turned into a coding drill for W86: Clock sync? Extend or revise your W86 solution to answer this with working API/code — not only prose.   
w86-x4	W86 · Fencing-Token Lease	Monotonic fence	fns=['harden_w86_4']	       Extends W86. Harden the core implementation so that it unprompted satisfies: Monotonic fence. Add/adjust code until this is true — do not just claim it in comments.        W
w86-x5	W86 · Fencing-Token Lease	Storage rejects fence < current	fns=['harden_w86_5']	       Extends W86. Harden the core implementation so that it unprompted satisfies: Storage rejects fence < current. Add/adjust code until this is true — do not just claim it in co
w87-x1	W87 · Idempotency-Key Store	Client retries while first request still running — what should happen?	fns=['harden_w87_1']	       Extends W87. Interview follow-up turned into a coding drill for W87: Client retries while first request still running — what should happen? Extend or revise your W87 solutio
w87-x2	W87 · Idempotency-Key Store	What if begin and complete are on different replicas?	fns=['harden_w87_2']	       Extends W87. Interview follow-up turned into a coding drill for W87: What if begin and complete are on different replicas? Extend or revise your W87 solution to answer this 
w87-x3	W87 · Idempotency-Key Store	Should the key cover the request body?	fns=['harden_w87_3']	       Extends W87. Interview follow-up turned into a coding drill for W87: Should the key cover the request body? Extend or revise your W87 solution to answer this with working AP
w87-x4	W87 · Idempotency-Key Store	Three-way begin result	fns=['harden_w87_4']	       Extends W87. Harden the core implementation so that it unprompted satisfies: Three-way begin result. Add/adjust code until this is true — do not just claim it in comments.  
w87-x5	W87 · Idempotency-Key Store	Completed replay returns stored response	fns=['harden_w87_5']	       Extends W87. Harden the core implementation so that it unprompted satisfies: Completed replay returns stored response. Add/adjust code until this is true — do not just claim
w88-x1	W88 · In-Process Transactional Outbox	At-least-once vs exactly-once to consumers?	fns=['harden_w88_1']	       Extends W88. Interview follow-up turned into a coding drill for W88: At-least-once vs exactly-once to consumers? Extend or revise your W88 solution to answer this with worki
w88-x2	W88 · In-Process Transactional Outbox	Why not emit to Kafka inside the DB transaction?	fns=['harden_w88_2']	       Extends W88. Interview follow-up turned into a coding drill for W88: Why not emit to Kafka inside the DB transaction? Extend or revise your W88 solution to answer this with 
w88-x3	W88 · In-Process Transactional Outbox	Ordering guarantees?	fns=['harden_w88_3']	       Extends W88. Interview follow-up turned into a coding drill for W88: Ordering guarantees? Extend or revise your W88 solution to answer this with working API/code — not only 
w88-x4	W88 · In-Process Transactional Outbox	Atomicity simulation	fns=['harden_w88_4']	       Extends W88. Harden the core implementation so that it unprompted satisfies: Atomicity simulation. Add/adjust code until this is true — do not just claim it in comments.    
w88-x5	W88 · In-Process Transactional Outbox	drain is ordered	fns=['harden_w88_5']	       Extends W88. Harden the core implementation so that it unprompted satisfies: drain is ordered. Add/adjust code until this is true — do not just claim it in comments.        
w89-x1	W89 · Length-Prefix Framed Codec	LE vs BE?	fns=['harden_w89_1']	       Extends W89. Interview follow-up turned into a coding drill for W89: LE vs BE? Extend or revise your W89 solution to answer this with working API/code — not only prose.     
w89-x2	W89 · Length-Prefix Framed Codec	What if length lies?	fns=['harden_w89_2']	       Extends W89. Interview follow-up turned into a coding drill for W89: What if length lies? Extend or revise your W89 solution to answer this with working API/code — not only 
w89-x3	W89 · Length-Prefix Framed Codec	Zero-copy?	fns=['harden_w89_3']	       Extends W89. Interview follow-up turned into a coding drill for W89: Zero-copy? Extend or revise your W89 solution to answer this with working API/code — not only prose.    
w89-x4	W89 · Length-Prefix Framed Codec	Streaming reassembly buffer	fns=['harden_w89_4']	       Extends W89. Harden the core implementation so that it unprompted satisfies: Streaming reassembly buffer. Add/adjust code until this is true — do not just claim it in commen
w89-x5	W89 · Length-Prefix Framed Codec	Max frame size enforced before allocating payload	fns=['harden_w89_5']	       Extends W89. Harden the core implementation so that it unprompted satisfies: Max frame size enforced before allocating payload. Add/adjust code until this is true — do not j
w90-x1	W90 · Sliding-Window Rate Limiter (+ Lea	Sliding window vs token bucket vs fixed window?	fns=['harden_w90_1']	       Extends W90. Interview follow-up turned into a coding drill for W90: Sliding window vs token bucket vs fixed window? Extend or revise your W90 solution to answer this with w
w90-x2	W90 · Sliding-Window Rate Limiter (+ Lea	Memory for sliding window?	fns=['harden_w90_2']	       Extends W90. Interview follow-up turned into a coding drill for W90: Memory for sliding window? Extend or revise your W90 solution to answer this with working API/code — not
w90-x3	W90 · Sliding-Window Rate Limiter (+ Lea	f64 for leaky level?	fns=['harden_w90_3']	       Extends W90. Interview follow-up turned into a coding drill for W90: f64 for leaky level? Extend or revise your W90 solution to answer this with working API/code — not only 
w90-x4	W90 · Sliding-Window Rate Limiter (+ Lea	Evicts timestamps outside the window	fns=['harden_w90_4']	       Extends W90. Harden the core implementation so that it unprompted satisfies: Evicts timestamps outside the window. Add/adjust code until this is true — do not just claim it 
w90-x5	W90 · Sliding-Window Rate Limiter (+ Lea	Implements both algorithms	fns=['harden_w90_5']	       Extends W90. Harden the core implementation so that it unprompted satisfies: Implements both algorithms. Add/adjust code until this is true — do not just claim it in comment
w91-x1	W91 · Sticky Feature-Flag Hasher	How do you exclude a user forever?	fns=['harden_w91_1']	       Extends W91. Interview follow-up turned into a coding drill for W91: How do you exclude a user forever? Extend or revise your W91 solution to answer this with working API/co
w91-x2	W91 · Sticky Feature-Flag Hasher	Multi-variate experiments?	fns=['harden_w91_2']	       Extends W91. Interview follow-up turned into a coding drill for W91: Multi-variate experiments? Extend or revise your W91 solution to answer this with working API/code — not
w91-x3	W91 · Sticky Feature-Flag Hasher	Why not rand() per request?	fns=['harden_w91_3']	       Extends W91. Interview follow-up turned into a coding drill for W91: Why not rand() per request? Extend or revise your W91 solution to answer this with working API/code — no
w91-x4	W91 · Sticky Feature-Flag Hasher	Sticky percentage via bucket < percent	fns=['harden_w91_4']	       Extends W91. Harden the core implementation so that it unprompted satisfies: Sticky percentage via bucket < percent. Add/adjust code until this is true — do not just claim i
w91-x5	W91 · Sticky Feature-Flag Hasher	Salt in the hash	fns=['harden_w91_5']	       Extends W91. Harden the core implementation so that it unprompted satisfies: Salt in the hash. Add/adjust code until this is true — do not just claim it in comments.        
w92-x1	W92 · HMAC Webhook Verifier + Retry Sche	Replay attacks?	fns=['harden_w92_1']	       Extends W92. Interview follow-up turned into a coding drill for W92: Replay attacks? Extend or revise your W92 solution to answer this with working API/code — not only prose
w92-x2	W92 · HMAC Webhook Verifier + Retry Sche	Why jitter?	fns=['harden_w92_2']	       Extends W92. Interview follow-up turned into a coding drill for W92: Why jitter? Extend or revise your W92 solution to answer this with working API/code — not only prose.   
w92-x3	W92 · HMAC Webhook Verifier + Retry Sche	Constant-time compare?	fns=['harden_w92_3']	       Extends W92. Interview follow-up turned into a coding drill for W92: Constant-time compare? Extend or revise your W92 solution to answer this with working API/code — not onl
w92-x4	W92 · HMAC Webhook Verifier + Retry Sche	Real HMAC construction	fns=['harden_w92_4']	       Extends W92. Harden the core implementation so that it unprompted satisfies: Real HMAC construction. Add/adjust code until this is true — do not just claim it in comments.  
w92-x5	W92 · HMAC Webhook Verifier + Retry Sche	Rejects tampered body / bad header	fns=['harden_w92_5']	       Extends W92. Harden the core implementation so that it unprompted satisfies: Rejects tampered body / bad header. Add/adjust code until this is true — do not just claim it in
w93-x1	W93 · Cursor Pagination Encode/Decode	Why not OFFSET/LIMIT?	fns=['harden_w93_1']	       Extends W93. Interview follow-up turned into a coding drill for W93: Why not OFFSET/LIMIT? Extend or revise your W93 solution to answer this with working API/code — not only
w93-x2	W93 · Cursor Pagination Encode/Decode	Descending order?	fns=['harden_w93_2']	       Extends W93. Interview follow-up turned into a coding drill for W93: Descending order? Extend or revise your W93 solution to answer this with working API/code — not only pro
w93-x3	W93 · Cursor Pagination Encode/Decode	Unstable sort columns?	fns=['harden_w93_3']	       Extends W93. Interview follow-up turned into a coding drill for W93: Unstable sort columns? Extend or revise your W93 solution to answer this with working API/code — not onl
w93-x4	W93 · Cursor Pagination Encode/Decode	Seek by (sort_key, id)	fns=['harden_w93_4']	       Extends W93. Harden the core implementation so that it unprompted satisfies: Seek by (sort_key, id). Add/adjust code until this is true — do not just claim it in comments.  
w93-x5	W93 · Cursor Pagination Encode/Decode	Edge-case battery	fns=['harden_w93_5']	       Extends W93. Add focused tests (as `fn` assertions in `main` or unit-test style) covering empty input, max boundary, and one failure path for this W* API.        Why this ha
w94-x1	W94 · Running VWAP from Trade Prints	Session VWAP vs rolling?	fns=['harden_w94_1']	       Extends W94. Interview follow-up turned into a coding drill for W94: Session VWAP vs rolling? Extend or revise your W94 solution to answer this with working API/code — not o
w94-x2	W94 · Running VWAP from Trade Prints	Floor vs round-half-even?	fns=['harden_w94_2']	       Extends W94. Interview follow-up turned into a coding drill for W94: Floor vs round-half-even? Extend or revise your W94 solution to answer this with working API/code — not 
w94-x3	W94 · Running VWAP from Trade Prints	Where does this run?	fns=['harden_w94_3']	       Extends W94. Interview follow-up turned into a coding drill for W94: Where does this run? Extend or revise your W94 solution to answer this with working API/code — not only 
w94-x4	W94 · Running VWAP from Trade Prints	Integer fixed-point only	fns=['harden_w94_4']	       Extends W94. Harden the core implementation so that it unprompted satisfies: Integer fixed-point only. Add/adjust code until this is true — do not just claim it in comments.
w94-x5	W94 · Running VWAP from Trade Prints	Edge-case battery	fns=['harden_w94_5']	       Extends W94. Add focused tests (as `fn` assertions in `main` or unit-test style) covering empty input, max boundary, and one failure path for this W* API.        Why this ha
w95-x1	W95 · Multi-Venue BBO Aggregator	NBBO vs synthetic BBO?	fns=['harden_w95_1']	       Extends W95. Interview follow-up turned into a coding drill for W95: NBBO vs synthetic BBO? Extend or revise your W95 solution to answer this with working API/code — not onl
w95-x2	W95 · Multi-Venue BBO Aggregator	Stale venue quotes?	fns=['harden_w95_2']	       Extends W95. Interview follow-up turned into a coding drill for W95: Stale venue quotes? Extend or revise your W95 solution to answer this with working API/code — not only p
w95-x3	W95 · Multi-Venue BBO Aggregator	Allocation on hot path?	fns=['harden_w95_3']	       Extends W95. Interview follow-up turned into a coding drill for W95: Allocation on hot path? Extend or revise your W95 solution to answer this with working API/code — not on
w95-x4	W95 · Multi-Venue BBO Aggregator	Handles empty sides	fns=['harden_w95_4']	       Extends W95. Harden the core implementation so that it unprompted satisfies: Handles empty sides. Add/adjust code until this is true — do not just claim it in comments.     
w95-x5	W95 · Multi-Venue BBO Aggregator	Edge-case battery	fns=['harden_w95_5']	       Extends W95. Add focused tests (as `fn` assertions in `main` or unit-test style) covering empty input, max boundary, and one failure path for this W* API.        Why this ha
w96-x1	W96 · HTTP/1.1 Request Parser (Subset)	Why is CL+TE dangerous?	fns=['harden_w96_1']	       Extends W96. Interview follow-up turned into a coding drill for W96: Why is CL+TE dangerous? Extend or revise your W96 solution to answer this with working API/code — not on
w96-x2	W96 · HTTP/1.1 Request Parser (Subset)	httparse vs hand-rolled?	fns=['harden_w96_2']	       Extends W96. Interview follow-up turned into a coding drill for W96: httparse vs hand-rolled? Extend or revise your W96 solution to answer this with working API/code — not o
w96-x3	W96 · HTTP/1.1 Request Parser (Subset)	Body parsing?	fns=['harden_w96_3']	       Extends W96. Interview follow-up turned into a coding drill for W96: Body parsing? Extend or revise your W96 solution to answer this with working API/code — not only prose. 
w96-x4	W96 · HTTP/1.1 Request Parser (Subset)	Rejects CL+TE and duplicate CL	fns=['harden_w96_4']	       Extends W96. Harden the core implementation so that it unprompted satisfies: Rejects CL+TE and duplicate CL. Add/adjust code until this is true — do not just claim it in com
w96-x5	W96 · HTTP/1.1 Request Parser (Subset)	Edge-case battery	fns=['harden_w96_5']	       Extends W96. Add focused tests (as `fn` assertions in `main` or unit-test style) covering empty input, max boundary, and one failure path for this W* API.        Why this ha
w97-x1	W97 · L4 Load Balancer Strategies	Power of two choices?	fns=['harden_w97_1']	       Extends W97. Interview follow-up turned into a coding drill for W97: Power of two choices? Extend or revise your W97 solution to answer this with working API/code — not only
w97-x2	W97 · L4 Load Balancer Strategies	Consistency / stickiness?	fns=['harden_w97_2']	       Extends W97. Interview follow-up turned into a coding drill for W97: Consistency / stickiness? Extend or revise your W97 solution to answer this with working API/code — not 
w97-x3	W97 · L4 Load Balancer Strategies	Health checks?	fns=['harden_w97_3']	       Extends W97. Interview follow-up turned into a coding drill for W97: Health checks? Extend or revise your W97 solution to answer this with working API/code — not only prose.
w97-x4	W97 · L4 Load Balancer Strategies	Skips inactive backends	fns=['harden_w97_4']	       Extends W97. Harden the core implementation so that it unprompted satisfies: Skips inactive backends. Add/adjust code until this is true — do not just claim it in comments. 
w97-x5	W97 · L4 Load Balancer Strategies	Edge-case battery	fns=['harden_w97_5']	       Extends W97. Add focused tests (as `fn` assertions in `main` or unit-test style) covering empty input, max boundary, and one failure path for this W* API.        Why this ha
w98-x1	W98 · Retry Policy with Timeouts	Is Timeout always retryable?	fns=['harden_w98_1']	       Extends W98. Interview follow-up turned into a coding drill for W98: Is Timeout always retryable? Extend or revise your W98 solution to answer this with working API/code — n
w98-x2	W98 · Retry Policy with Timeouts	Client vs server retry budgets?	fns=['harden_w98_2']	       Extends W98. Interview follow-up turned into a coding drill for W98: Client vs server retry budgets? Extend or revise your W98 solution to answer this with working API/code 
w98-x3	W98 · Retry Policy with Timeouts	Where does deadline go?	fns=['harden_w98_3']	       Extends W98. Interview follow-up turned into a coding drill for W98: Where does deadline go? Extend or revise your W98 solution to answer this with working API/code — not on
w98-x4	W98 · Retry Policy with Timeouts	Retryable vs fatal classification	fns=['harden_w98_4']	       Extends W98. Harden the core implementation so that it unprompted satisfies: Retryable vs fatal classification. Add/adjust code until this is true — do not just claim it in 
w98-x5	W98 · Retry Policy with Timeouts	Budget + max_attempts	fns=['harden_w98_5']	       Extends W98. Harden the core implementation so that it unprompted satisfies: Budget + max_attempts. Add/adjust code until this is true — do not just claim it in comments.   